Name,Year,Team,Number,NonAssistGoal,1stAssistGoal,2ndAssistGoal,1stAssist,2ndAssisted1stAssist,2ndAssist,NonAssistPlayers,1stAssistPlayers,2ndAssistPlayers
Tomas Plekanec,20142015,MTL,14,1,3,21,4,16,14,2,3,12
Alex Galchenyuk,20142015,MTL,27,0,3,17,1,14,11,3,6,17
Nathan Beaulieu,20142015,MTL,28,0,0,1,0,4,4,3,5,15
Carey Price,20142015,MTL,31,0,0,0,0,0,1,12,32,130
Mike Weaver,20142015,MTL,43,0,0,0,0,0,4,1,4,7
Nazem Kadri,20142015,TOR,43,0,2,16,2,9,10,3,5,17
Jonathan Bernier,20142015,TOR,45,0,0,0,0,0,1,15,30,86
Roman Polak,20142015,TOR,46,0,2,3,0,1,3,4,7,15
Stuart Percy,20142015,TOR,50,0,0,0,1,2,0,1,1,2
Brandon Kozun,20142015,TOR,67,0,0,2,0,1,1,1,0,1
Alexei Emelin,20142015,MTL,74,0,0,3,1,2,8,3,8,18
P.K. Subban,20142015,MTL,76,0,1,14,5,16,24,9,14,40
Tyler Bozak,20142015,TOR,42,3,1,19,3,13,10,3,8,24
Morgan Rielly,20142015,TOR,44,2,2,4,0,11,10,5,12,20
Jake Gardiner,20142015,TOR,51,1,1,2,2,5,13,2,7,23
Phil Kessel,20142015,TOR,81,1,3,20,3,14,19,2,4,16
Jeff Petry,20142015,Jiri Sekac,20142015,MTL,26,1,1,8,2,3,8,0,3,11
Lars Eller,20142015,MTL,81,0,6,9,4,4,4,4,3,8
Leo Komarov,20142015,TOR,47,0,5,3,5,7,6,2,4,3
David Clarkson,20142015,TOR,71,0,1,9,0,1,4,4,1,11
David Desharnais,20142015,MTL,51,2,1,11,5,11,18,4,4,25
Max Pacioretty,20142015,MTL,67,0,8,29,2,14,13,4,6,15
Stephane Robidas,20142015,TOR,12,0,1,0,1,0,5,3,10,11
Joffrey Lupul,20142015,TOR,19,1,0,9,2,5,4,4,7,10
Andrei Markov,20142015,MTL,79,1,3,6,2,22,16,7,14,45
James van Riemsdyk,20142015,TOR,21,2,5,20,2,21,6,2,3,20
Tom Gilbert,20142015,MTL,77,1,1,2,0,3,5,4,10,24
Sean Couturier,20142015,PHI,14,2,5,8,1,12,9,1,3,19
Matt Read,20142015,PHI,24,0,1,7,2,10,10,1,2,15
Steve Mason,20142015,PHI,35,0,0,0,0,0,3,3,12,94
Andrew MacDonald,20142015,PHI,47,0,0,2,0,4,6,2,6,17
Jakub Voracek,20142015,PHI,93,2,1,19,3,28,28,0,2,23
Dougie Hamilton,20142015,BOS,27,0,4,6,4,7,21,4,6,25
Zdeno Chara,20142015,BOS,33,0,1,7,1,4,7,1,11,30
Carl Soderberg,20142015,BOS,34,2,0,11,2,17,12,4,5,17
Tuukka Rask,20142015,BOS,40,0,0,0,0,0,0,13,28,124
Brad Marchand,20142015,BOS,63,2,4,18,1,13,4,3,8,8
Michael Raffl,20142015,PHI,12,0,1,20,1,1,5,2,4,13
PHI,18,0,0,9,1,4,1,1,2,7
Loui Eriksson,20142015,BOS,21,0,2,20,3,13,9,3,5,20
Patrice Bergeron,20142015,BOS,37,5,4,14,7,15,10,3,4,16
Michael Del Zotto,20142015,PHI,15,0,1,9,1,10,11,2,4,23
Luke Schenn,20142015,PHI,22,1,1,1,2,3,6,1,6,15
Claude Giroux,20142015,PHI,28,1,4,20,0,20,28,2,4,27
Chris Kelly,20142015,BOS,23,1,0,6,1,8,12,5,3,6
Torey Krug,20142015,BOS,47,0,2,10,0,14,13,5,7,29
Adam McQuaid,20142015,BOS,54,0,0,1,0,2,4,5,4,15
Alexander Edler,20142015,VAN,23,0,0,8,1,7,15,7,13,43
Shawn Matthias,20142015,VAN,27,2,5,11,3,4,2,3,5,2
Ryan Miller,20142015,VAN,30,0,0,0,0,0,0,11,25,91
Jannik Hansen,20142015,VAN,36,1,3,12,1,12,4,3,2,9
Derek Dorsett,20142015,VAN,51,2,1,4,3,7,8,4,4,9
Kris Russell,20142015,CGY,4,0,0,4,0,11,19,2,19,56
Joe Colborne,20142015,CGY,8,0,2,6,5,7,8,2,1,8
Johnny Gaudreau,20142015,CGY,13,1,1,22,2,22,16,2,11,22
Deryk Engelland,20142015,CGY,29,0,1,1,1,2,6,2,7,11
Paul Byron,20142015,CGY,32,0,2,4,0,6,7,2,3,7
Radim Vrbata,20142015,VAN,17,3,2,26,2,16,14,1,4,20
Ryan Stanton,20142015,VAN,18,0,1,2,2,2,4,4,6,16
Daniel Sedin,20142015,VAN,22,1,3,16,4,31,20,4,1,18
Henrik Sedin,20142015,VAN,33,0,3,15,3,24,27,5,4,21
Mark Giordano,20142015,CGY,5,1,0,10,1,15,20,3,6,24
TJ Brodie,20142015,CGY,7,0,1,10,3,12,15,4,10,42
Mikael Backlund,20142015,CGY,11,1,2,7,1,7,9,1,1,11
Lance Bouma,20142015,CGY,17,0,3,13,3,9,6,2,6,7
Mason Raymond,20142015,CGY,21,0,2,10,0,7,4,0,4,6
Christopher Tanev,20142015,VAN,8,0,0,2,1,6,11,7,8,25
Brad Richardson,20142015,VAN,15,2,3,3,2,4,7,2,1,3
Curtis Glencross,20142015,CGY,20,1,0,8,0,11,8,2,1,12
Jiri Hudler,20142015,CGY,24,0,3,28,1,28,16,1,4,22
Nick Bonino,20142015,VAN,13,0,3,12,3,11,10,0,4,10
Alexandre Burrows,20142015,VAN,14,1,1,16,1,8,6,2,4,13
Chris Higgins,20142015,VAN,20,0,1,11,1,15,8,1,5,11
Ladislav Smid,20142015,CGY,15,0,0,0,0,0,1,1,3,3
Linden Vey,20142015,VAN,7,1,2,7,1,6,7,4,6,12
Zack Kassian,20142015,VAN,9,0,2,7,1,3,2,2,3,6
Dennis Wideman,20142015,CGY,6,0,4,11,2,13,25,3,12,44
Sean Monahan,20142015,CGY,23,1,2,27,3,17,11,2,4,26
Antti Niemi,20142015,S.J,31,0,0,0,0,0,3,8,32,130
Logan Couture,20142015,S.J,39,3,4,20,3,20,17,2,8,25
Marc-Edouard Vlasic,20142015,S.J,44,0,3,6,1,4,9,6,13,26
Matt Nieto,20142015,S.J,83,0,4,6,0,10,7,3,5,9
Brent Burns,20142015,S.J,88,1,2,14,2,22,19,3,8,44
Drew Doughty,20142015,L.A,8,1,2,4,1,20,18,9,13,48
Anze Kopitar,20142015,L.A,11,1,1,13,5,25,18,3,5,12
Dustin Brown,20142015,L.A,23,1,2,8,0,12,4,2,1,11
Jonathan Quick,20142015,L.A,32,0,0,0,0,0,1,9,36,136
Justin Braun,20142015,S.J,61,0,1,0,1,7,14,4,13,23
Justin Williams,20142015,L.A,14,0,1,17,1,9,13,2,6,17
Slava Voynov,20142015,L.A,26,0,0,0,1,0,1,0,0,2
Robyn Regehr,20142015,L.A,44,0,2,1,0,4,6,7,7,24
Dwight King,20142015,L.A,74,0,2,11,3,6,4,2,4,7
Tye McGinn,20142015,S.J,25,0,0,1,0,2,2,2,0,4
Scott Hannan,20142015,S.J,27,0,0,2,0,3,2,2,8,15
Chris Tierney,20142015,S.J,50,0,1,5,1,9,5,1,0,6
Tommy Wingels,20142015,S.J,57,0,1,14,3,11,7,2,5,7
Kyle Clifford,20142015,L.A,13,0,2,4,2,4,3,0,7,9
Trevor Lewis,20142015,L.A,22,0,1,8,1,7,8,2,1,5
Alec Martinez,20142015,L.A,27,1,0,5,1,8,7,3,8,19
Jarret Stoll,20142015,L.A,28,0,0,6,3,3,5,3,7,14
Mirco Mueller,20142015,S.J,41,0,0,1,0,1,2,1,4,10
Mike Richards,20142015,L.A,10,0,1,4,2,6,3,2,0,5
Alexander Wennberg,20142015,CBJ,41,1,0,3,2,7,7,0,4,13
Artem Anisimov,20142015,CBJ,42,1,1,5,1,13,5,1,2,9
Scott Hartnell,20142015,CBJ,43,0,5,23,4,17,11,5,4,22
David Savard,20142015,CBJ,58,0,0,11,1,9,15,4,13,35
Sergei Bobrovsky,20142015,CBJ,72,0,0,0,0,0,2,8,21,105
Josh Gorges,20142015,BUF,4,0,0,0,0,1,5,0,7,8
Zemgus Girgensons,20142015,BUF,28,1,2,12,2,3,10,0,2,10
Tyler Myers,20142015,BUF,57,0,0,4,0,4,5,0,6,21
Chris Stewart,20142015,BUF,80,1,3,7,3,8,3,1,3,5
Marcus Foligno,20142015,BUF,82,0,2,6,4,5,3,2,2,6
Fedor Tyutin,20142015,CBJ,51,0,0,3,0,4,8,3,7,23
Drew Stafford,20142015,BUF,21,0,2,7,1,7,7,0,0,4
Matt Moulson,20142015,BUF,26,0,2,11,2,15,11,5,1,12
Tyler Ennis,20142015,BUF,63,0,4,16,2,19,5,0,2,14
Tim Erixon,20142015,William Karlsson,20142015,CBJ,20,0,0,2,0,2,4,1,1,10
James Wisniewski,20142015,CBJ,21,0,0,8,1,11,9,5,7,24
Michael Chaput,20142015,CBJ,39,0,0,1,0,2,2,0,0,0
Jared Boll,20142015,CBJ,40,0,0,1,0,3,1,1,2,3
Cody McCormick,20142015,BUF,8,0,1,0,1,2,0,0,1,1
Torrey Mitchell,20142015,BUF,17,0,1,5,0,4,3,3,3,5
Andrej Meszaros,20142015,BUF,41,2,0,5,0,3,4,3,11,13
Nicolas Deslauriers,20142015,BUF,44,0,0,5,0,6,4,0,2,3
Andre Benoit,20142015,BUF,61,0,1,0,1,2,5,1,6,14
Cam Atkinson,20142015,CBJ,13,1,4,17,1,8,9,1,4,16
Ryan Johansen,20142015,CBJ,19,5,3,18,6,18,21,2,6,22
Nick Foligno,20142015,CBJ,71,0,5,25,1,21,20,4,6,21
Adam Henrique,20142015,N.J,14,2,3,11,2,14,11,3,2,14
Michael Ryder,20142015,N.J,17,1,1,4,1,8,4,1,3,7
Jordin Tootoo,20142015,N.J,22,0,2,4,1,9,3,2,8,16
Ryane Clowe,20142015,N.J,29,0,0,1,0,2,1,0,1,4
Cory Schneider,20142015,N.J,35,0,0,0,0,0,2,6,24,100
Vincent Lecavalier,20142015,PHI,40,1,1,6,1,8,3,1,2,9
Stephen Gionta,20142015,N.J,11,0,0,5,2,4,2,0,4,5
Bryce Salvador,20142015,N.J,24,0,0,0,0,2,0,0,1,3
Mark Streit,20142015,PHI,32,0,0,9,1,23,19,4,8,45
Dainius Zubrus,20142015,N.J,8,0,0,4,0,4,2,3,6,8
Brayden Schenn,20142015,PHI,10,1,1,16,1,20,8,0,1,33
Wayne Simmonds,20142015,PHI,17,0,1,27,3,8,11,4,1,26
Andy Greene,20142015,N.J,6,0,1,2,0,7,12,5,4,28
N.J,23,1,5,21,1,6,8,2,2,16
Patrik Elias,20142015,N.J,26,0,2,11,2,10,9,1,1,3
Jaromir Jagr,20142015,N.J,68,0,4,7,2,12,4,3,2,13
Damon Severson,20142015,N.J,28,2,0,3,0,2,10,1,3,20
Travis Zajac,20142015,N.J,19,0,0,11,1,8,5,4,3,19
Jon Merrill,20142015,N.J,7,0,0,2,2,2,8,2,11,18
Martin Havlat,20142015,N.J,9,0,0,5,0,5,4,1,2,3
Ben Lovejoy,20142015,ANA,6,0,1,0,0,3,6,0,3,11
Tim Jackman,20142015,ANA,18,0,1,4,0,0,2,0,2,1
John Gibson,20142015,ANA,36,0,0,0,0,0,0,9,14,35
Matt Beleskey,20142015,ANA,39,2,4,16,1,4,5,0,5,16
Nate Thompson,20142015,ANA,44,0,2,3,3,4,6,2,5,5
Chris Kunitz,20142015,PIT,14,1,2,14,2,14,7,5,6,33
Marc-Andre Fleury,20142015,PIT,29,0,0,0,0,0,1,11,27,127
Simon Despres,20142015,PIT,47,0,0,2,2,5,8,2,10,13
Patric Hornqvist,20142015,PIT,72,1,6,18,1,13,12,3,7,27
Sidney Crosby,20142015,PIT,87,2,2,24,2,29,25,3,6,12
Ryan Getzlaf,20142015,ANA,15,2,3,20,8,23,14,4,9,13
Ryan Kesler,20142015,ANA,17,0,3,16,5,11,11,4,7,18
Patrick Maroon,20142015,ANA,19,1,1,7,5,14,6,4,4,13
Sami Vatanen,20142015,ANA,45,0,5,7,1,6,18,5,13,26
Christian Ehrhoff,20142015,PIT,10,0,1,2,2,4,5,2,9,23
Brandon Sutter,20142015,PIT,16,2,4,15,1,5,6,2,1,9
Kris Letang,20142015,PIT,58,0,1,10,1,19,23,5,14,35
Andrew Cogliano,20142015,ANA,7,0,2,10,2,10,2,3,4,9
Devante Smith-Pelly,20142015,ANA,12,1,0,4,0,4,8,1,7,6
Evgeni Malkin,20142015,PIT,71,4,3,21,2,19,21,2,5,17
Emerson Etem,20142015,ANA,16,0,1,4,1,2,2,0,0,3
Rickard Rakell,20142015,ANA,67,0,3,6,2,9,11,3,4,7
Francois Beauchemin,20142015,ANA,23,0,1,10,0,4,7,7,16,19
Hampus Lindholm,20142015,ANA,47,2,2,3,1,14,12,6,18,31
Paul Martin,20142015,PIT,7,0,1,2,1,10,6,7,5,39
Pascal Dupuis,20142015,PIT,9,0,0,6,2,1,2,0,2,1
Corey Perry,20142015,ANA,10,0,8,25,3,12,7,4,6,14
Nick Spaling,20142015,PIT,13,0,0,9,2,4,12,1,5,9
Bryan Rust,20142015,Blake Comeau,20142015,PIT,17,1,2,13,0,10,5,3,3,4
Marcel Goc,20142015,David Perron,20142015,PIT,57,0,0,2,0,1,3,0,1,4
Craig Adams,20142015,PIT,27,0,1,0,0,3,3,2,2,1
Dustin Tokarski,20142015,MTL,35,0,0,0,0,0,1,4,6,24
Alex Ovechkin,20142015,WSH,8,1,8,44,3,17,6,3,7,26
Eric Fehr,20142015,WSH,16,3,4,12,3,6,5,2,2,9
Nicklas Backstrom,20142015,WSH,19,0,2,15,8,22,29,4,2,23
Karl Alzner,20142015,WSH,27,0,2,3,0,6,10,5,7,24
Braden Holtby,20142015,WSH,70,0,0,0,0,0,2,14,32,149
Jack Hillen,20142015,WSH,38,0,0,0,0,1,4,0,2,7
Andre Burakovsky,20142015,WSH,65,0,3,6,1,5,7,1,3,18
Nate Schmidt,20142015,WSH,88,0,0,1,0,0,3,0,6,8
Marcus Johansson,20142015,WSH,90,0,2,18,2,6,18,3,4,30
Jimmy Howard,20142015,DET,35,0,0,0,0,0,1,10,23,97
Henrik Zetterberg,20142015,DET,40,0,1,16,5,25,19,3,8,17
Niklas Kronwall,20142015,DET,55,1,2,6,1,12,22,5,15,36
Danny DeKeyser,20142015,DET,65,0,0,2,2,8,19,7,10,29
Johan Franzen,20142015,DET,93,0,2,5,0,6,9,1,1,4
Kevan Miller,20142015,BOS,86,2,0,0,0,1,4,2,5,18
Jonathan Ericsson,20142015,DET,52,1,0,2,2,6,4,4,11,21
Dennis Seidenberg,20142015,BOS,44,1,0,2,1,2,8,7,8,33
Craig Cunningham,20142015,BOS,61,0,1,1,0,1,0,0,1,2
Darren Helm,20142015,DET,43,1,2,12,4,9,5,6,3,22
Dmitry Kulikov,20142015,FLA,7,0,2,1,1,6,12,4,10,25
Scottie Upshall,20142015,FLA,19,1,2,5,1,3,3,1,1,3
Willie Mitchell,20142015,FLA,33,0,1,2,0,2,3,1,12,27
Dave Bolland,20142015,FLA,63,0,0,6,3,8,6,2,6,9
Tyler Johnson,20142015,T.B,9,0,4,25,3,27,13,3,9,14
Alex Killorn,20142015,T.B,17,1,0,14,0,13,10,3,3,19
Ben Bishop,20142015,T.B,30,0,0,0,1,0,3,14,33,136
Valtteri Filppula,20142015,T.B,51,2,0,10,5,13,18,3,8,20
Steven Stamkos,20142015,T.B,91,2,7,34,5,17,7,2,4,20
Jonathan Huberdeau,20142015,FLA,11,1,2,12,7,20,12,0,4,16
Aleksander Barkov,20142015,FLA,16,0,2,14,1,8,11,1,3,16
Brad Boyes,20142015,FLA,24,2,2,10,3,15,6,2,3,18
Jussi Jokinen,20142015,FLA,36,0,1,7,5,14,17,2,3,11
Brian Campbell,20142015,FLA,51,1,0,2,1,12,11,2,12,39
Radko Gudas,20142015,T.B,7,0,2,0,0,1,2,0,4,8
Ryan Callahan,20142015,T.B,24,1,5,18,6,15,9,2,10,17
Dylan Olsen,20142015,FLA,4,0,1,1,0,2,4,0,5,9
Tomas Fleischmann,20142015,FLA,14,0,3,4,1,11,2,0,7,9
Derek MacKenzie,20142015,FLA,17,0,2,3,0,2,4,1,0,4
Sean Bergenheim,20142015,FLA,20,0,2,6,2,4,4,1,0,5
Erik Gudbranson,20142015,FLA,44,1,0,3,0,1,8,1,8,28
Matthew Carle,20142015,T.B,25,0,1,3,2,4,8,2,8,22
Andrej Sustr,20142015,T.B,62,0,0,0,0,5,8,4,7,25
Nikita Kucherov,20142015,T.B,86,1,4,24,2,20,14,3,10,26
Vladislav Namestnikov,20142015,T.B,90,0,2,7,0,4,3,2,3,3
Victor Hedman,20142015,T.B,77,0,3,7,2,9,17,2,9,29
John Moore,20142015,NYR,17,0,0,1,1,1,3,5,4,10
Chris Kreider,20142015,NYR,20,2,2,17,2,14,9,3,5,16
Martin St. Louis,20142015,NYR,26,2,2,17,2,17,12,2,4,18
Henrik Lundqvist,20142015,NYR,30,0,0,0,0,0,1,16,21,102
Rick Nash,20142015,NYR,61,6,13,23,2,18,7,5,4,19
Jaden Schwartz,20142015,STL,17,1,8,19,2,21,12,4,3,12
Jay Bouwmeester,20142015,STL,19,0,0,2,0,6,5,6,9,36
Kevin Shattenkirk,20142015,STL,22,0,1,7,1,17,18,1,16,31
David Backes,20142015,STL,42,1,5,20,3,15,14,3,6,26
Vladimir Tarasenko,20142015,STL,91,3,5,29,3,14,19,1,9,17
Tanner Glass,20142015,NYR,15,0,0,1,0,3,2,1,4,5
Jesper Fast,20142015,NYR,19,0,2,4,0,4,4,1,0,7
Ryan McDonagh,20142015,NYR,27,2,1,5,2,10,13,10,13,39
Dominic Moore,20142015,NYR,28,0,3,7,3,6,8,1,5,7
Alexander Steen,20142015,STL,20,0,2,22,4,25,11,5,7,21
Paul Stastny,20142015,STL,26,0,3,13,5,12,13,5,5,18
Alex Pietrangelo,20142015,STL,27,2,1,4,3,13,23,10,8,27
Ian Cole,20142015,STL,28,0,0,4,1,0,4,2,6,16
Dan Boyle,20142015,NYR,22,1,0,8,1,2,8,5,6,30
Patrik Berglund,20142015,STL,21,0,3,9,4,4,7,5,1,7
T.J. Oshie,20142015,STL,74,0,1,18,5,18,13,2,7,24
Marc Staal,20142015,NYR,18,0,0,5,0,3,12,5,14,28
Barret Jackman,20142015,STL,5,0,0,2,3,3,7,2,7,21
Joakim Lindstrom,20142015,STL,10,0,0,3,0,1,2,0,1,1
Jordan Leopold,20142015,STL,33,0,0,0,0,0,0,0,0,2
Jori Lehtera,20142015,STL,12,1,3,10,2,17,11,4,6,26
Craig Anderson,20142015,OTT,41,0,0,0,0,0,0,8,21,61
Eric Gryba,20142015,OTT,62,0,0,0,1,6,5,6,13,17
Mark Borowiecki,20142015,OTT,74,0,1,0,1,3,6,5,8,17
Mika Zibanejad,20142015,OTT,93,0,4,16,2,14,10,2,7,14
Ryan Ellis,20142015,NSH,4,0,1,8,2,9,7,6,7,15
Filip Forsberg,20142015,NSH,9,3,4,19,3,17,17,2,9,18
Craig Smith,20142015,NSH,15,0,4,19,0,9,12,4,9,19
Derek Roy,20142015,NSH,21,0,0,1,2,5,2,2,1,2
Pekka Rinne,20142015,NSH,35,0,0,0,0,0,1,12,45,123
Bobby Ryan,20142015,OTT,6,2,4,12,3,15,18,3,7,14
Kyle Turris,20142015,OTT,7,2,3,19,7,18,15,4,5,23
Clarke MacArthur,20142015,OTT,16,1,3,12,3,10,7,2,5,15
Erik Karlsson,20142015,OTT,65,0,3,18,4,21,20,6,13,46
Eric Nystrom,20142015,NSH,24,0,3,4,0,2,3,2,4,3
Paul Gaustad,20142015,NSH,28,0,2,2,3,2,5,2,5,4
Roman Josi,20142015,NSH,59,0,3,12,4,18,18,5,17,35
James Neal,20142015,NSH,18,1,4,18,0,9,5,4,12,24
Gabriel Bourque,20142015,NSH,57,1,1,1,1,6,3,0,3,0
Mike Ribeiro,20142015,NSH,63,0,4,11,11,16,20,4,5,22
Milan Michalek,20142015,OTT,9,0,1,12,3,9,9,2,6,9
Alex Chiasson,20142015,OTT,90,0,3,8,2,7,6,0,2,13
Shea Weber,20142015,NSH,6,0,3,12,0,11,19,3,16,34
Cody Ceci,20142015,OTT,5,0,1,4,5,4,7,5,12,17
Olli Jokinen,20142015,NSH,13,0,1,2,0,3,0,2,2,3
Brent Seabrook,20142015,CHI,7,0,1,7,1,9,13,5,15,31
Marcus Kruger,20142015,CHI,16,1,3,3,1,5,4,0,2,2
Ben Smith,20142015,CHI,28,0,0,5,2,2,0,1,2,6
Corey Crawford,20142015,CHI,50,0,0,0,0,0,1,8,25,113
Jamie Benn,20142015,DAL,14,2,7,25,5,27,20,1,4,28
Kari Lehtonen,20142015,DAL,32,0,0,0,1,0,2,14,31,147
Ales Hemsky,20142015,DAL,83,0,3,8,3,5,13,1,6,13
Jason Spezza,20142015,DAL,90,0,1,16,3,16,26,1,9,25
Tyler Seguin,20142015,DAL,91,0,4,33,4,29,7,3,5,16
Patrick Sharp,20142015,CHI,10,1,2,13,2,13,12,5,2,10
Jonathan Toews,20142015,CHI,19,1,4,23,4,19,15,3,9,24
Andrew Shaw,20142015,CHI,65,1,2,12,2,2,7,1,7,22
Patrick Kane,20142015,CHI,88,2,3,22,1,24,12,0,5,15
Ryan Garbutt,20142015,DAL,16,4,2,2,3,8,6,1,2,9
Cody Eakin,20142015,DAL,20,1,2,15,1,5,15,6,4,16
Alex Goligoski,20142015,DAL,33,0,1,3,3,14,15,5,12,45
Marian Hossa,20142015,CHI,81,2,6,14,4,17,18,2,4,18
Patrick Eaves,20142015,DAL,18,2,1,11,2,4,7,3,6,16
Brandon Saad,20142015,CHI,20,1,4,18,6,10,13,0,6,15
Antoine Roussel,20142015,DAL,21,1,1,11,0,6,6,4,6,4
Jordie Benn,20142015,DAL,24,0,0,2,0,7,7,6,12,21
Nick Holden,20142015,COL,2,0,0,5,1,4,4,3,9,26
Tyson Barrie,20142015,COL,4,1,0,11,0,18,23,4,11,39
Nathan MacKinnon,20142015,COL,29,0,4,10,2,13,9,0,4,11
Alex Tanguay,20142015,COL,40,0,3,19,2,17,14,2,5,10
Ryan O'Reilly,20142015,COL,90,1,2,14,8,17,13,1,4,25
Zach Parise,20142015,MIN,11,3,6,24,2,13,14,2,6,15
Jason Pominville,20142015,MIN,29,1,4,13,3,20,13,6,4,20
Darcy Kuemper,20142015,MIN,35,0,0,0,0,0,0,5,14,54
Jared Spurgeon,20142015,MIN,46,0,0,9,0,9,7,5,8,26
Mikael Granlund,20142015,MIN,64,1,3,4,6,12,13,2,6,22
Nate Guenin,20142015,COL,5,0,0,2,1,1,11,2,7,24
Jamie McGinn,20142015,COL,11,0,0,4,0,0,2,0,1,3
Brad Stuart,20142015,COL,17,1,0,2,1,3,6,2,11,14
Max Talbot,20142015,COL,25,1,1,3,3,3,4,3,3,9
Daniel Briere,20142015,COL,48,2,0,6,0,1,3,1,0,8
Marco Scandella,20142015,MIN,6,0,0,11,1,5,6,8,5,25
Nino Niederreiter,20142015,MIN,22,3,5,15,1,6,6,5,2,11
Erik Haula,20142015,MIN,56,0,2,5,2,3,2,3,0,6
Erik Johnson,20142015,COL,6,1,2,9,0,5,6,3,6,18
Ryan Suter,20142015,MIN,20,0,0,2,3,9,24,8,15,39
Jonas Brodin,20142015,MIN,25,0,0,3,1,3,10,6,13,36
Jan Hejda,20142015,COL,8,0,0,1,0,4,8,5,13,25
Gabriel Landeskog,20142015,COL,92,0,5,18,3,18,15,2,4,20
Marc-Andre Cliche,20142015,COL,24,0,0,2,1,3,1,4,1,5
Karri Ramo,20142015,CGY,31,0,0,0,0,0,0,1,16,55
Raphael Diaz,20142015,CGY,33,0,0,2,0,1,1,0,6,13
Jesse Joensuu,20142015,EDM,6,0,0,2,0,0,2,1,0,0
Matt Hendricks,20142015,EDM,23,2,2,4,1,5,2,1,3,5
Boyd Gordon,20142015,EDM,27,0,1,5,1,2,4,3,3,4
Ben Scrivens,20142015,EDM,30,0,0,0,0,0,1,7,31,84
Nikita Nikitin,20142015,EDM,86,0,0,4,0,3,3,2,5,14
Jordan Eberle,20142015,EDM,14,1,5,18,9,16,14,3,5,15
Justin Schultz,20142015,EDM,19,0,1,5,0,14,11,5,17,41
Benoit Pouliot,20142015,EDM,67,1,3,15,2,9,4,2,8,9
Ryan Nugent-Hopkins,20142015,EDM,93,3,8,13,3,12,17,2,6,18
Nail Yakupov,20142015,EDM,10,1,2,11,4,8,7,0,6,11
Leon Draisaitl,20142015,EDM,29,0,0,2,1,5,1,0,1,5
EDM,59,0,0,1,0,1,0,0,0,2
Teddy Purcell,20142015,EDM,16,0,5,7,3,13,6,2,6,13
David Perron,20142015,EDM,57,0,1,4,0,8,6,0,2,3
Mark Fayne,20142015,EDM,5,0,0,2,0,1,5,2,8,14
Andrew Ference,20142015,EDM,21,0,0,3,0,0,11,3,13,14
Jacob Trouba,20142015,WPG,8,0,0,7,4,4,7,5,9,26
Andrew Ladd,20142015,WPG,16,0,2,22,4,20,14,5,5,16
Blake Wheeler,20142015,WPG,26,2,4,20,2,22,11,3,7,23
Ondrej Pavelec,20142015,WPG,31,0,0,0,0,0,0,9,20,81
Mark Scheifele,20142015,WPG,55,1,2,12,3,12,19,6,12,15
Shane Doan,20142015,ARI,19,1,0,13,1,15,6,6,6,17
Oliver Ekman-Larsson,20142015,ARI,23,1,2,20,2,11,7,8,10,30
Mike Smith,20142015,ARI,41,0,0,0,0,0,1,8,17,81
Antoine Vermette,20142015,ARI,50,1,2,10,2,12,8,3,1,16
Mikkel Boedker,20142015,ARI,89,1,0,13,1,5,8,1,3,10
Dustin Byfuglien,20142015,WPG,33,4,4,10,2,6,19,1,10,30
Toby Enstrom,20142015,WPG,39,0,1,3,1,10,8,4,13,30
Zach Bogosian,20142015,WPG,44,0,0,3,0,5,5,1,4,12
Henrik Samuelsson,20142015,Martin Erat,20142015,ARI,10,0,0,9,0,14,9,0,2,19
Martin Hanzal,20142015,ARI,11,1,1,6,1,9,6,2,1,8
David Moss,20142015,ARI,18,0,1,3,1,4,3,1,2,3
Jim Slater,20142015,WPG,19,1,0,4,1,5,2,1,2,3
Tye McGinn,20142015,Chris Summers,20142015,ARI,20,0,0,1,0,3,1,0,1,1
Bryan Little,20142015,WPG,18,0,6,18,3,12,13,4,1,14
Michael Frolik,20142015,WPG,67,4,5,10,3,8,12,2,6,13
Rob Klinkhammer,20142015,Mark Arcobello,20142015,ARI,36,2,1,9,0,3,4,1,0,6
Paul Postma,20142015,WPG,4,1,0,1,0,1,3,3,4,12
Joe Vitale,20142015,ARI,14,0,0,3,1,3,2,0,0,2
B.J. Crombeen,20142015,ARI,44,0,1,2,0,1,2,1,1,3
Chris Thorburn,20142015,WPG,22,0,0,7,0,2,5,1,2,4
Mathieu Perreault,20142015,WPG,85,0,4,14,4,14,5,2,4,9
Michael Stone,20142015,ARI,26,0,0,3,1,9,5,5,1,25
Lauri Korpikoski,20142015,ARI,28,0,1,5,2,6,7,0,0,7
TJ Galiardi,20142015,WPG,21,0,1,0,0,0,0,1,1,3
Sam Gagner,20142015,ARI,9,0,3,12,2,17,7,4,3,17
Kyle Okposo,20142015,NYI,21,1,2,15,3,16,14,2,2,17
Brock Nelson,20142015,NYI,29,1,1,18,3,7,12,6,4,24
Jaroslav Halak,20142015,NYI,41,0,0,0,0,0,1,16,30,129
Johnny Boychuk,20142015,NYI,55,1,1,7,1,12,13,8,12,34
John Tavares,20142015,NYI,91,4,4,30,5,25,18,5,5,22
Eric Staal,20142015,CAR,12,2,4,17,1,17,13,1,4,10
Justin Faulk,20142015,CAR,27,1,2,12,1,16,17,5,9,28
Alexander Semin,20142015,CAR,28,0,0,6,1,6,6,2,6,10
Cam Ward,20142015,CAR,30,0,0,0,0,0,0,6,24,93
Jay Harrison,20142015,CAR,44,0,1,0,1,2,0,1,1,1
Thomas Hickey,20142015,NYI,14,0,0,2,1,9,10,4,7,25
Cal Clutterbuck,20142015,NYI,15,3,0,3,1,7,1,3,5,4
Casey Cizikas,20142015,NYI,53,1,2,6,1,3,4,1,2,6
Nathan Gerbe,20142015,CAR,14,0,1,9,2,8,8,0,5,12
Elias Lindholm,20142015,CAR,16,0,2,15,0,13,9,3,2,14
Victor Rask,20142015,CAR,49,0,2,9,0,10,12,0,3,26
Ryan Strome,20142015,NYI,18,1,5,11,3,22,8,8,5,26
Mikhail Grabovski,20142015,NYI,84,1,4,4,0,3,7,2,1,5
Brad Malone,20142015,CAR,24,0,1,5,1,4,3,1,1,2
John-Michael Liles,20142015,CAR,26,0,0,2,1,5,14,0,4,12
Patrick Dwyer,20142015,CAR,39,0,1,4,0,4,3,3,4,1
Ron Hainsey,20142015,CAR,65,0,0,2,2,3,3,4,7,30
Jiri Tlusty,20142015,CAR,19,1,1,11,0,4,6,1,3,8
Riley Nash,20142015,CAR,20,0,2,6,2,9,6,3,0,12
Tim Gleason,20142015,CAR,6,0,1,0,1,1,4,0,5,12
Jay McClement,20142015,CAR,18,0,2,5,3,5,6,2,5,12
Frans Nielsen,20142015,NYI,51,1,2,11,4,14,11,6,3,21
Brian Strait,20142015,NYI,37,0,0,2,0,0,5,6,7,21
Cory Conacher,20142015,NYI,89,0,0,1,0,0,2,1,2,2
Chris Terry,20142015,CAR,25,0,1,10,0,7,2,0,2,6
Patrick Brown,20142015,CAR,36,0,0,0,0,0,0,0,0,1
Brooks Orpik,20142015,WSH,44,0,0,0,0,7,12,5,18,29
John Carlson,20142015,WSH,74,1,1,10,3,21,19,5,15,22
Evgeny Kuznetsov,20142015,WSH,92,1,1,9,1,16,9,3,7,12
Ryan Spooner,20142015,BOS,51,0,0,8,0,4,6,0,1,7
Troy Brouwer,20142015,WSH,20,3,2,16,1,9,12,4,3,39
Joel Ward,20142015,WSH,42,2,2,14,3,7,5,2,5,19
Mike Green,20142015,WSH,52,0,1,9,3,18,14,6,6,24
Zach Sill,20142015,PIT,38,0,1,0,1,1,0,0,2,0
Peter Holland,20142015,TOR,24,2,4,5,3,6,5,4,3,6
Frederik Andersen,20142015,ANA,31,0,0,0,0,0,3,7,34,95
Justin Abdelkader,20142015,DET,8,1,3,19,2,13,6,2,4,31
Kyle Quincey,20142015,DET,27,0,2,1,5,6,4,4,9,23
Luke Glendening,20142015,DET,41,1,5,6,1,1,4,2,7,5
Gustav Nyquist,20142015,DET,14,1,5,21,2,12,13,1,6,18
Andrej Nestrasil,20142015,DET,49,0,0,0,0,2,0,0,1,2
Jakob Silfverberg,20142015,ANA,33,1,1,11,4,12,9,4,3,10
Robin Lehner,20142015,OTT,40,0,0,0,0,0,1,7,17,41
J.T. Brown,20142015,T.B,23,0,0,3,1,2,3,1,2,4
Brenden Morrow,20142015,T.B,10,0,2,1,0,4,1,1,3,8
Brian Boyle,20142015,T.B,11,4,1,10,3,4,2,1,3,8
Brett Connolly,20142015,T.B,14,0,4,8,0,2,1,0,2,12
Curtis Lazar,20142015,OTT,27,0,1,5,1,5,2,5,5,9
Mark Stone,20142015,OTT,61,3,5,18,4,18,16,4,5,22
Ondrej Palat,20142015,T.B,18,1,2,12,8,17,22,2,7,25
Tomas Kopecky,20142015,FLA,82,0,0,2,0,5,1,1,2,0
Aaron Ekblad,20142015,FLA,5,0,1,11,2,8,17,3,12,34
Al Montoya,20142015,FLA,35,0,0,0,0,0,0,2,11,32
Tuomo Ruutu,20142015,N.J,15,0,1,6,0,2,4,0,1,2
N.J,20,1,2,7,1,3,1,0,1,9
Shawn Thornton,20142015,FLA,22,0,1,0,0,1,3,0,2,0
Anton Khudobin,20142015,CAR,31,0,0,0,0,0,0,1,6,50
Michal Neuvirth,20142015,Chad Johnson,20142015,NYI,30,0,0,0,0,0,0,5,8,47
Nikolay Kulemin,20142015,NYI,86,4,2,9,2,5,9,3,4,9
Josh Bailey,20142015,NYI,12,1,1,13,1,13,12,4,4,16
Torrey Mitchell,20142015,Eric Tangradi,20142015,Rene Bourque,20142015,MTL,17,0,0,0,0,3,0,1,0,2
Jarred Tinordi,20142015,MTL,24,0,0,0,0,1,1,0,0,0
Ray Emery,20142015,PHI,29,0,0,0,0,0,0,4,14,54
Nick Schultz,20142015,PHI,55,0,1,1,0,4,9,2,7,20
Pierre-Alexandre Parenteau,20142015,MTL,15,0,1,7,1,8,5,2,1,12
Christian Thomas,20142015,Manny Malhotra,20142015,MTL,20,0,1,0,0,1,2,1,1,1
Dale Weise,20142015,MTL,22,1,0,8,2,13,4,3,3,9
Anthony Duclair,20142015,J.T. Miller,20142015,NYR,10,0,2,8,3,5,5,7,2,7
Cam Talbot,20142015,NYR,33,0,0,0,0,0,0,7,24,68
Carl Hagelin,20142015,NYR,62,0,4,13,4,6,8,3,10,7
Derick Brassard,20142015,NYR,16,0,0,19,3,13,25,7,6,16
Mats Zuccarello,20142015,NYR,36,1,3,11,3,18,13,12,7,11
Dalton Prout,20142015,CBJ,47,0,0,0,1,3,4,2,3,17
NYR,63,0,0,1,1,3,2,2,0,0
Matt Hunwick,20142015,NYR,44,0,0,2,0,5,4,3,10,22
Marko Dano,20142015,CBJ,56,0,2,6,2,6,4,1,0,4
Ryan Malone,20142015,Lee Stempniak,20142015,NYR,12,1,3,5,0,1,8,1,0,9
Devin Setoguchi,20142015,Drew Shore,20142015,CGY,22,0,0,1,0,2,0,1,1,4
Anders Lindback,20142015,DAL,29,0,0,0,0,0,1,2,3,20
Valeri Nichushkin,20142015,DAL,43,0,0,0,0,0,1,1,1,0
Mattias Ekholm,20142015,NSH,14,2,1,4,0,3,8,6,18,26
Colton Sceviour,20142015,DAL,22,0,3,6,1,4,12,4,5,10
Taylor Beck,20142015,NSH,41,0,2,6,3,4,1,2,2,5
Brian Gionta,20142015,BUF,12,4,0,9,1,11,10,1,2,9
Cody Hodgson,20142015,BUF,19,0,1,5,1,4,2,2,4,3
Mike Weber,20142015,BUF,6,0,0,1,0,1,5,2,6,10
Brad Richards,20142015,CHI,91,0,2,10,1,14,10,5,5,15
Jeremy Morin,20142015,Johnny Oduya,20142015,CHI,27,0,0,2,0,5,3,6,8,26
Rasmus Ristolainen,20142015,BUF,55,0,0,8,1,5,6,3,7,17
David Rundblad,20142015,CHI,5,0,0,3,0,7,4,1,6,16
Daniel Carcillo,20142015,CHI,13,0,3,1,1,2,1,0,1,2
Sam Reinhart,20142015,BUF,23,0,0,0,0,0,1,0,0,0
Jason Zucker,20142015,MIN,16,0,7,14,1,4,0,2,2,5
Thomas Vanek,20142015,MIN,26,0,2,19,7,16,8,1,3,11
MIN,55,0,1,7,0,3,5,3,9,25
Ryan Wilson,20142015,COL,44,0,0,0,0,0,0,0,0,0
Dennis Everberg,20142015,COL,45,0,2,1,2,2,5,1,0,8
Kyle Brodziak,20142015,MIN,21,1,2,6,1,5,5,2,4,6
Matt Cooke,20142015,Matt Dumba,20142015,MIN,24,0,1,3,0,3,3,0,1,1
Tanner Pearson,20142015,L.A,70,2,1,9,0,2,2,1,5,9
Tyler Toffoli,20142015,L.A,73,3,5,15,2,15,9,4,6,9
Jeff Carter,20142015,L.A,77,2,4,22,6,12,16,5,3,19
Devan Dubnyk,20142015,ARI,40,0,0,0,0,0,0,3,4,37
Marian Gaborik,20142015,L.A,12,0,3,24,0,14,6,4,3,26
Mark Arcobello,20142015,EDM,26,0,2,5,2,1,2,0,3,4
Viktor Fasth,20142015,EDM,35,0,0,0,0,0,0,1,7,33
Kevin Bieksa,20142015,VAN,3,0,0,4,1,3,6,4,14,25
Luca Sbisa,20142015,VAN,5,0,0,3,0,1,7,4,16,28
Joe Thornton,20142015,S.J,19,1,3,11,5,23,21,0,4,26
Alex Stalock,20142015,S.J,32,0,0,0,0,0,0,3,6,36
Tomas Hertl,20142015,S.J,48,0,2,11,0,6,12,2,5,14
Mike Santorelli,20142015,TJ Brennan,20142015,TOR,25,0,3,8,2,6,11,4,4,9
James Reimer,20142015,TOR,34,0,0,0,0,0,0,6,8,53
Daniel Winnik,20142015,TOR,26,1,2,4,3,10,5,5,2,5
Kevin Hayes,20142015,NYR,13,5,3,9,7,18,3,1,4,3
Richard Panik,20142015,TOR,18,1,1,9,1,3,2,4,1,6
Cody Franson,20142015,TOR,4,1,0,5,1,10,15,5,9,26
Michael Hutchinson,20142015,WPG,34,0,0,0,0,0,0,7,27,76
Martin Jones,20142015,L.A,31,0,0,0,1,0,0,6,3,21
Jordan Nolan,20142015,L.A,71,0,3,3,0,2,1,0,3,2
Adam Lowry,20142015,WPG,17,1,2,7,2,7,3,2,4,12
Reto Berra,20142015,COL,20,0,0,0,0,0,0,1,5,24
Niklas Svedberg,20142015,BOS,72,0,0,0,0,0,0,3,6,27
Matt Duchene,20142015,COL,9,3,4,14,2,17,15,0,6,14
Jarome Iginla,20142015,COL,12,1,3,25,1,22,7,3,3,12
Jordan Caron,20142015,BOS,38,0,0,0,0,0,0,0,0,2
Matt Bartkowski,20142015,BOS,43,0,0,0,0,4,0,3,4,13
William Karlsson,20142015,ANA,38,0,0,2,1,0,0,0,1,6
Michal Neuvirth,20142015,BUF,34,0,0,0,0,0,0,5,14,28
Brian Flynn,20142015,BUF,65,0,0,5,1,7,4,2,7,7
David Legwand,20142015,OTT,17,1,0,8,4,7,7,3,6,13
Zac Rinaldo,20142015,PHI,36,0,0,1,2,2,1,1,1,3
Blair Jones,20142015,PHI,41,0,0,0,0,0,0,0,0,0
Matt Irwin,20142015,S.J,52,0,2,6,0,6,5,0,8,19
Adam Burish,20142015,S.J,37,0,1,0,0,2,0,0,0,0
Justin Peters,20142015,WSH,35,0,0,0,0,0,0,1,8,23
John Scott,20142015,S.J,20,0,1,2,0,1,0,1,1,3
Michael Latta,20142015,WSH,46,0,0,0,0,4,2,0,4,2
Liam O'Brien,20142015,WSH,87,0,1,0,0,1,0,0,1,1
Jason Chimera,20142015,WSH,25,0,1,6,2,7,3,1,1,8
Zach Boychuk,20142015,CAR,22,0,0,3,1,1,1,0,3,3
Tyson Strachan,20142015,BUF,24,0,0,0,0,1,4,1,4,7
Kevin Connauton,20142015,DAL,23,0,0,0,0,0,2,1,2,3
Patrik Nemeth,20142015,DAL,37,0,0,0,0,1,2,2,2,5
Vernon Fiddler,20142015,DAL,38,1,3,9,2,10,4,5,2,6
Matt Calvert,20142015,CBJ,11,1,1,11,1,5,4,2,2,9
Mark Letestu,20142015,CBJ,55,0,1,6,0,4,2,1,2,4
Evgeni Nabokov,20142015,T.B,20,0,0,0,0,0,1,0,2,19
Jason Garrison,20142015,T.B,5,0,1,3,0,9,17,9,10,32
Matt Stajan,20142015,CGY,18,1,2,4,2,4,4,0,1,6
CGY,25,0,0,1,1,0,3,0,1,5
Anton Volchenkov,20142015,NSH,20,0,0,0,1,0,6,2,5,11
Colin Wilson,20142015,NSH,33,2,4,14,2,15,5,3,7,16
Bogdan Yakimov,20142015,EDM,39,0,0,0,0,0,0,0,0,0
Darnell Nurse,20142015,EDM,25,0,0,0,0,0,0,0,2,0
Will Acton,20142015,EDM,41,0,0,0,0,0,0,0,1,0
Riley Sheahan,20142015,DET,15,0,1,12,1,13,9,2,4,22
Tomas Tatar,20142015,DET,21,3,3,23,0,16,11,2,7,14
Tomas Jurco,20142015,DET,26,0,0,3,1,8,6,2,2,7
David Krejci,20142015,BOS,46,0,1,6,2,10,12,0,3,13
Trevor van Riemsdyk,20142015,CHI,57,0,0,0,0,1,0,1,2,2
Brandon McMillan,20142015,Craig Cunningham,20142015,ARI,22,0,1,1,1,1,3,0,1,1
Kyle Chipchura,20142015,ARI,24,0,1,3,2,2,6,1,1,1
Taylor Hall,20142015,EDM,4,1,2,10,3,13,8,4,2,14
Connor Murphy,20142015,ARI,5,1,0,3,0,1,2,0,7,14
David Schlemko,20142015,ARI,6,0,0,1,0,0,3,2,2,5
Patrick Marleau,20142015,S.J,12,1,3,15,5,16,17,4,3,29
Matt Martin,20142015,NYI,17,0,1,7,0,3,3,2,5,5
Joe Pavelski,20142015,S.J,8,0,4,33,2,20,11,4,6,24
Scott Wilson,20142015,Steve Downie,20142015,PIT,23,0,1,13,0,8,6,2,4,3
Scott Clemmensen,20142015,N.J,40,0,0,0,0,0,0,0,1,3
Chris Brown,20142015,WSH,67,0,0,1,0,0,0,0,0,0
Simon Gagne,20142015,BOS,12,0,1,2,0,0,1,0,1,2
Daniel Paille,20142015,BOS,20,1,2,3,2,3,1,0,0,1
Seth Griffith,20142015,BOS,53,2,1,3,0,1,3,1,1,3
Milan Lucic,20142015,BOS,17,0,0,18,1,16,9,3,4,17
John Mitchell,20142015,COL,7,2,2,7,2,6,7,0,3,14
Calvin Pickard,20142015,COL,31,0,0,0,0,0,0,4,3,29
Erik Condra,20142015,OTT,22,2,1,6,3,6,5,3,5,5
Chris Neil,20142015,OTT,25,0,1,3,2,0,1,1,4,1
Zack Smith,20142015,OTT,15,0,2,0,0,0,1,0,1,0
Ryan Murphy,20142015,CAR,7,0,0,4,0,8,1,0,4,9
Brody Sutter,20142015,CAR,48,0,0,0,0,0,0,0,0,0
NYR,24,0,0,0,0,0,0,0,0,2
Brian McGrattan,20142015,Josh Jooris,20142015,CGY,16,0,0,0,0,0,0,0,0,0
CGY,86,0,1,11,1,5,6,0,6,12
Corey Tropp,20142015,CBJ,26,0,0,1,0,4,3,0,0,3
Jakub Kindl,20142015,DET,4,0,0,5,1,2,5,2,6,10
Martin Marincin,20142015,EDM,85,0,0,1,0,2,2,1,5,10
Ryan Carter,20142015,MIN,18,1,0,2,1,4,5,1,0,1
Cam Fowler,20142015,ANA,4,0,1,6,1,10,16,5,12,33
Cody McLeod,20142015,COL,55,0,1,6,0,1,4,4,3,9
Mike Hoffman,20142015,OTT,68,3,8,16,1,13,6,2,5,15
Patrick Wiercioch,20142015,OTT,46,0,0,3,0,4,6,1,5,27
Jack Skille,20142015,CBJ,10,0,0,6,0,2,0,0,0,3
Curtis McElhinney,20142015,CBJ,30,0,0,0,0,0,0,3,14,59
Jonas Gustavsson,20142015,DET,50,0,0,0,0,0,0,0,6,6
Calvin de Haan,20142015,NYI,44,0,0,1,1,3,6,7,9,21
Nick Bjugstad,20142015,FLA,27,1,2,21,2,6,11,0,6,8
Chris VandeVelde,20142015,PHI,76,0,1,8,0,3,3,2,3,4
Shawn Horcoff,20142015,DAL,10,1,0,10,1,9,8,1,2,14
Erik Cole,20142015,DAL,72,0,3,15,0,13,2,1,2,6
Pierre-Edouard Bellemare,20142015,PHI,78,0,1,5,1,3,2,2,2,10
Curtis McKenzie,20142015,DAL,11,0,0,4,0,1,0,1,2,0
Carter Hutton,20142015,NSH,30,0,0,0,0,0,0,5,6,29
Michal Rozsival,20142015,CHI,32,0,0,1,2,2,8,3,11,16
Viktor Stalberg,20142015,NSH,25,0,1,1,2,4,2,0,2,2
Bryan Bickell,20142015,CHI,29,0,2,12,1,5,8,0,5,7
Jake Allen,20142015,STL,34,0,0,0,0,0,2,4,15,73
Yannick Weber,20142015,VAN,6,1,0,10,0,5,5,2,10,27
Eddie Lack,20142015,VAN,31,0,0,0,0,0,0,6,22,69
Anton Stralman,20142015,T.B,6,0,3,6,1,14,15,6,18,47
Niklas Backstrom,20142015,MIN,32,0,0,0,0,0,0,1,6,30
Justin Fontaine,20142015,MIN,14,0,0,9,1,12,9,0,5,5
Andrew Desjardins,20142015,S.J,10,0,0,5,0,0,3,0,2,5
Eriah Hayes,20142015,S.J,76,0,0,0,0,0,0,0,0,0
Petteri Lindbohm,20142015,STL,48,0,0,2,0,1,0,0,0,8
Magnus Paajarvi,20142015,STL,56,0,0,0,0,0,1,0,1,1
Mark Barberio,20142015,T.B,8,0,0,1,0,2,4,2,7,14
Jonathan Drouin,20142015,T.B,27,0,0,4,3,13,12,0,4,11
Damien Brunner,20142015,Reid Boucher,20142015,Tim Sestito,20142015,N.J,12,0,0,3,1,4,2,0,1,4
NYR,14,0,0,1,0,0,1,0,1,3
Pavel Datsyuk,20142015,DET,13,5,3,18,4,20,15,2,5,16
Brett Bellemore,20142015,CAR,73,0,0,2,1,4,3,1,3,11
Grant Clitsome,20142015,WPG,24,0,0,0,0,3,1,1,1,5
Jeff Skinner,20142015,CAR,53,1,1,16,3,6,4,0,3,12
Antti Raanta,20142015,CHI,31,0,0,0,0,0,0,1,7,31
Niklas Hjalmarsson,20142015,CHI,4,1,0,2,0,6,10,4,11,30
Brandon Pirri,20142015,FLA,73,1,8,13,0,1,1,2,2,3
Colin Greening,20142015,OTT,14,0,0,1,0,0,0,1,0,2
Trevor Smith,20142015,TOR,23,0,0,2,1,1,1,5,0,3
Josh Leivo,20142015,TOR,32,0,1,0,0,0,0,1,0,1
Jay Beagle,20142015,WSH,83,0,3,7,0,7,3,1,3,6
Mark Fistric,20142015,ANA,28,0,0,0,0,0,0,2,0,3
Reilly Smith,20142015,BOS,18,0,3,10,1,16,10,7,7,11
Anders Lee,20142015,NYI,27,4,3,18,1,8,7,2,7,19
Olli Maatta,20142015,PIT,3,0,0,1,1,3,4,1,1,11
Rob Scuderi,20142015,PIT,4,0,0,1,2,2,5,4,12,21
Drew Miller,20142015,DET,20,0,2,3,3,2,3,4,6,3
Maxim Lapierre,20142015,STL,40,0,0,2,1,3,3,1,0,2
Mikko Koivu,20142015,MIN,9,3,4,7,4,13,17,3,4,24
Adam Cracknell,20142015,CBJ,32,0,2,2,0,1,0,0,1,3
Cody Goloubef,20142015,CBJ,29,0,0,0,2,3,4,2,7,7
James Sheppard,20142015,S.J,15,0,0,5,2,5,4,0,2,7
Jamie Oleksiak,20142015,DAL,5,0,0,1,2,0,5,1,5,12
Jacob Josefson,20142015,N.J,16,0,1,5,1,1,3,0,3,5
Zach Redmond,20142015,COL,22,0,0,5,0,9,6,4,7,16
Brenden Dillon,20142015,Jason Demers,20142015,DAL,4,1,0,4,1,5,12,7,16,26
Shayne Gostisbehere,20142015,PHI,53,0,0,0,0,0,0,0,0,0
Dmitrij Jaskin,20142015,STL,23,1,3,9,1,1,3,4,4,8
Steve Ott,20142015,STL,9,0,0,3,0,4,5,0,2,4
Ryan Reaves,20142015,STL,75,0,2,4,0,3,3,0,1,3
Kris Versteeg,20142015,CHI,23,0,3,11,3,10,7,3,1,13
Cedric Paquette,20142015,T.B,13,1,1,10,1,3,3,2,1,2
Jonathan Marchessault,20142015,T.B,42,1,0,0,0,0,0,0,0,1
Mike Blunden,20142015,T.B,46,0,0,0,0,0,0,0,0,0
Nate Prosser,20142015,MIN,39,0,0,2,0,3,2,2,9,13
Justin Hodgman,20142015,ARI,12,0,0,1,0,0,0,0,0,0
Ryan Murray,20142015,CBJ,27,0,0,1,0,1,1,0,2,6
Scott Darling,20142015,CHI,33,0,0,0,0,0,0,4,6,18
Justin Falk,20142015,Chris Stewart,20142015,MIN,44,1,1,1,1,5,2,1,2,9
Zach Trotman,20142015,BOS,62,0,0,1,0,0,4,0,2,8
Lubomir Visnovsky,20142015,NYI,11,0,0,5,1,8,6,2,8,24
Jason Akeson,20142015,PHI,42,0,0,0,0,0,0,0,1,0
Steve Bernier,20142015,N.J,18,1,2,13,2,8,6,1,2,11
Carl Gunnarsson,20142015,STL,4,0,0,2,1,3,6,3,10,25
Tom Wilson,20142015,WSH,43,0,1,3,2,5,6,1,4,3
Matt Cullen,20142015,NSH,7,0,1,6,1,6,11,1,5,10
Joe Morrow,20142015,BOS,45,0,0,1,0,0,0,1,1,3
David Warsofsky,20142015,BOS,79,0,0,0,0,0,1,0,0,2
PHI,43,0,0,0,0,2,1,1,0,3
Dany Heatley,20142015,ANA,51,0,0,0,0,0,0,1,0,0
Sean Collins,20142015,CBJ,37,0,0,0,0,0,2,0,1,0
David Jones,20142015,CGY,19,1,2,11,0,10,6,3,2,7
Markus Granlund,20142015,CGY,60,1,2,5,2,3,5,1,2,7
Matt Fraser,20142015,Max Talbot,20142015,BOS,25,0,0,3,0,3,0,2,1,1
Jimmy Hayes,20142015,FLA,12,0,3,16,4,7,5,2,5,18
Anton Forsberg,20142015,CBJ,31,0,0,0,0,0,0,1,0,6
David Clarkson,20142015,Brian Gibbons,20142015,CBJ,23,0,0,0,0,3,2,0,1,3
Christian Folin,20142015,MIN,5,1,0,1,0,5,3,0,7,10
Trevor Daley,20142015,DAL,6,2,2,12,1,13,8,2,6,35
Tom Sestito,20142015,VAN,29,0,0,0,0,0,1,0,0,0
Johan Larsson,20142015,BUF,22,0,0,6,0,4,6,2,2,5
Joakim Andersson,20142015,DET,18,0,0,3,0,5,0,4,3,2
Nikita Zadorov,20142015,BUF,51,0,0,3,0,6,6,1,9,22
Brian Lashoff,20142015,DET,23,0,0,0,0,0,2,0,1,3
Tobias Rieder,20142015,ARI,8,1,4,8,1,1,6,7,2,10
Jason LaBarbera,20142015,ANA,30,0,0,0,0,0,0,0,3,9
Josh Manson,20142015,ANA,42,0,0,0,0,1,2,1,3,9
NYR,42,0,0,0,0,0,0,0,0,0
Chris Porter,20142015,STL,32,0,1,0,0,1,0,0,1,0
EDM,84,0,0,2,0,7,11,2,9,14
Carlo Colaiacovo,20142015,PHI,26,1,0,1,1,3,2,0,5,3
Sven Baertschi,20142015,CGY,27,0,0,0,2,2,0,0,1,0
Boone Jenner,20142015,CBJ,38,0,2,6,1,5,2,3,3,10
Victor Bartley,20142015,NSH,64,0,0,0,1,6,3,2,2,7
Evander Kane,20142015,WPG,9,0,4,6,1,6,5,3,4,7
Sergei Gonchar,20142015,DAL,55,0,0,0,0,1,0,0,1,0
Bo Horvat,20142015,VAN,53,2,1,9,0,7,5,2,5,2
DET,17,0,1,0,0,0,1,0,0,0
Kevin Klein,20142015,NYR,8,0,1,8,2,4,11,5,7,26
Keith Aulie,20142015,EDM,22,0,0,0,0,0,1,1,5,12
Vincent Trocheck,20142015,FLA,21,0,1,6,4,8,3,3,5,5
Rocco Grimaldi,20142015,FLA,23,0,0,1,0,0,0,0,1,0
Stephane Veilleux,20142015,MIN,19,0,0,1,0,0,1,1,0,0
Marek Zidlicky,20142015,N.J,2,0,0,4,2,6,11,3,13,17
Peter Harrold,20142015,N.J,10,0,0,3,0,2,1,1,4,6
Robert Bortuzzo,20142015,PIT,41,0,0,2,1,1,2,2,3,6
Tyler Kennedy,20142015,S.J,81,0,0,4,0,3,2,0,0,3
Iiro Pakarinen,20142015,EDM,62,0,0,1,0,0,2,0,0,0
Frdric St-Denis,20142015,CBJ,28,0,0,0,0,0,1,0,0,0
Brooks Laich,20142015,WSH,21,0,3,4,2,5,6,4,4,4
NYR,37,0,0,0,0,0,0,0,0,1
Derek Stepan,20142015,NYR,21,2,2,12,3,23,13,2,2,14
Nicklas Grossmann,20142015,PHI,8,0,0,5,0,1,8,3,4,20
Dana Tyrell,20142015,CBJ,34,0,0,0,0,0,0,0,0,0
Travis Hamonic,20142015,NYI,3,0,0,5,2,12,14,8,5,24
Brandon Gormley,20142015,ARI,33,1,0,1,0,1,1,1,0,7
Barclay Goodrow,20142015,S.J,89,0,0,4,3,4,1,1,4,3
Andrew Desjardins,20142015,CHI,11,0,0,0,0,0,2,2,0,1
Peter Regin,20142015,CHI,12,0,0,0,0,0,1,0,0,0
Max Reinhart,20142015,CGY,59,0,0,0,0,0,0,0,0,0
Jonathon Blum,20142015,MIN,7,0,0,0,0,1,0,0,0,0
Stefan Matteau,20142015,N.J,25,0,0,1,0,1,1,0,2,6
Beau Bennett,20142015,PIT,19,1,1,2,0,6,2,0,4,4
Colby Robak,20142015,FLA,47,0,0,0,0,0,0,0,0,2
Jamie McBain,20142015,L.A,5,0,0,3,0,1,5,0,3,11
Jake Muzzin,20142015,L.A,6,0,1,9,2,10,19,5,10,26
Calle Jarnkrok,20142015,NSH,19,1,0,6,2,3,6,3,2,9
Patrick Kaleta,20142015,BUF,36,0,0,0,1,1,1,0,2,0
Charlie Coyle,20142015,MIN,3,1,1,9,3,10,11,4,4,19
Brayden McNabb,20142015,L.A,3,0,0,2,1,7,14,0,9,18
Sergei Gonchar,20142015,MTL,55,0,0,1,0,5,7,2,2,14
Troy Grosenick,20142015,S.J,34,0,0,0,0,0,0,0,1,2
Brendan Gallagher,20142015,MTL,11,3,2,19,2,14,7,3,7,20
Joakim Nordstrom,20142015,CHI,42,0,0,0,0,1,2,1,2,0
Travis Moen,20142015,DAL,27,0,1,1,0,4,2,0,1,5
Drayson Bowman,20142015,MTL,38,0,0,0,0,0,0,1,0,0
Kyle Palmieri,20142015,ANA,21,1,2,11,1,6,8,2,1,8
Lucas Lessio,20142015,ARI,38,0,0,2,0,1,2,1,1,0
Steven Pinizzotto,20142015,EDM,13,1,0,1,0,1,1,0,0,2
Scott Laughton,20142015,PHI,49,0,0,2,0,3,1,1,3,3
Petr Mrazek,20142015,DET,34,0,0,0,0,0,0,4,15,57
Xavier Ouellet,20142015,DET,61,0,0,2,0,1,0,1,2,8
Micheal Ferland,20142015,CGY,79,0,1,1,0,3,0,0,2,2
NYR,70,0,0,0,0,0,0,1,0,4
Zach Bogosian,20142015,BUF,47,0,0,0,0,1,6,2,2,11
Alex Khokhlachev,20142015,BOS,76,0,0,0,0,0,0,0,0,0
Andrej Nestrasil,20142015,CAR,15,0,1,6,0,7,4,0,2,8
Ben Street,20142015,COL,10,0,0,0,0,0,0,1,0,1
COL,32,0,0,0,0,0,1,0,0,0
Tomas Vincour,20142015,COL,81,0,0,0,0,1,0,0,0,0
Matt Halischuk,20142015,WPG,15,1,0,2,1,0,4,1,4,4
Mat Clark,20142015,ANA,37,0,0,0,1,0,0,0,0,3
Zbynek Michalek,20142015,ARI,4,1,0,1,0,2,4,5,7,18
Stephen Weiss,20142015,DET,90,0,1,8,1,6,9,0,2,9
Chris Butler,20142015,STL,25,0,1,2,0,3,3,2,6,18
Korbinian Holzer,20142015,TOR,55,0,0,0,1,4,1,4,5,9
Matt Tennyson,20142015,S.J,80,0,0,2,0,2,4,1,3,3
Rene Bourque,20142015,Tomas Fleischmann,20142015,ANA,14,0,1,2,0,9,2,1,3,6
Jesse Blacker,20142015,ANA,77,0,0,0,0,0,0,0,0,0
Luke Gazdic,20142015,EDM,20,0,0,2,0,0,1,0,1,2
Tim Schaller,20142015,BUF,59,0,0,1,1,0,0,0,1,0
Jayson Megna,20142015,PIT,59,0,0,0,0,0,1,0,0,1
Kerby Rychel,20142015,CBJ,52,0,0,0,1,2,0,0,0,0
Michael Sgarbossa,20142015,COL,43,0,0,0,0,0,1,1,0,1
EDM,68,0,1,0,0,0,0,1,0,2
David Pastrnak,20142015,BOS,88,0,0,10,0,8,9,1,0,7
Matt Donovan,20142015,NYI,46,0,0,0,1,2,0,1,3,2
Andrew Ebbett,20142015,PIT,25,0,0,1,2,1,2,0,1,1
Michal Jordan,20142015,CAR,47,0,0,2,0,0,4,0,3,12
Scott Gomez,20142015,N.J,21,1,0,6,2,11,14,0,5,8
Mark Fraser,20142015,N.J,32,0,0,0,0,2,2,1,4,9
David Booth,20142015,TOR,20,2,2,3,2,3,1,1,1,0
Jussi Rynnas,20142015,DAL,40,0,0,0,0,0,0,0,0,2
Martin Brodeur,20142015,STL,30,0,0,0,0,0,0,1,6,16
Mike Fisher,20142015,NSH,12,1,1,17,5,10,5,3,3,14
Karl Stollery,20142015,COL,3,0,0,0,0,0,0,0,1,3
Mike Brown,20142015,S.J,18,0,0,0,0,0,0,0,0,1
WPG,63,0,1,1,1,3,2,1,3,14
Anthony Peluso,20142015,WPG,14,0,0,1,0,1,0,1,0,4
Michael Grabner,20142015,NYI,40,1,1,6,0,1,4,2,1,1
MTL,58,0,0,2,0,1,0,0,0,4
Andrew Campbell,20142015,ARI,45,0,0,0,0,0,1,0,2,5
Jordan Martinook,20142015,ARI,48,0,0,0,0,0,1,1,0,1
Colby Robak,20142015,ANA,48,0,0,0,0,0,1,1,2,1
Mark Stuart,20142015,WPG,5,0,0,2,2,5,5,2,14,17
Nicklas Jensen,20142015,VAN,46,0,0,0,0,0,0,1,0,0
Brian Dumoulin,20142015,PIT,8,0,0,1,0,0,0,0,2,3
Rob Klinkhammer,20142015,PIT,20,0,0,1,1,0,1,0,0,0
Kimmo Timonen,20142015,Klas Dahlbeck,20142015,CHI,44,0,0,1,0,0,0,0,2,3
Brandon Dubinsky,20142015,CBJ,17,0,3,9,1,10,12,2,3,7
Paul Carey,20142015,COL,28,0,0,0,0,1,0,2,0,0
Borna Rendulic,20142015,COL,71,0,0,1,1,0,0,0,0,4
Melker Karlsson,20142015,S.J,68,0,1,12,1,4,6,0,4,10
Brandon Davidson,20142015,EDM,88,0,0,1,0,0,0,3,2,0
Michael Bournival,20142015,MTL,49,0,0,3,0,1,1,0,2,4
Daniel Cleary,20142015,DET,11,0,0,0,0,0,0,0,0,0
PIT,36,0,1,0,0,0,1,0,2,2
Andrei Vasilevskiy,20142015,T.B,88,0,0,0,0,0,0,2,12,28
Ilya Bryzgalov,20142015,ANA,80,0,0,0,0,0,2,1,1,11
Mikhail Grigorenko,20142015,BUF,25,0,1,2,0,0,3,1,2,2
Tim Erixon,20142015,CHI,34,0,0,0,0,0,0,0,1,3
Brett Sutter,20142015,MIN,27,0,0,0,0,3,0,0,0,0
Jeremy Morin,20142015,CBJ,9,0,0,2,2,2,0,1,1,6
Jay Harrison,20142015,WPG,23,0,0,2,0,1,2,1,6,10
Derrick Pouliot,20142015,PIT,51,0,0,2,0,3,2,1,0,13
Tyler Pitlick,20142015,EDM,15,0,0,1,0,0,0,0,0,1
Brad Hunt,20142015,EDM,24,0,0,0,0,1,0,0,1,3
Anton Lander,20142015,EDM,51,0,0,6,0,6,8,0,2,7
Travis Morin,20142015,DAL,39,0,0,0,0,0,0,0,0,1
Mark Pysyk,20142015,BUF,3,0,1,1,0,0,1,2,2,2
Rob Zepp,20142015,PHI,72,0,0,0,0,0,0,2,0,20
Jean-Gabriel Pageau,20142015,OTT,44,1,3,5,0,4,5,1,4,0
Scott Harrington,20142015,PIT,6,0,0,0,0,0,0,1,1,1
Brendan Woods,20142015,CAR,56,0,0,0,0,0,0,0,0,0
Jeff Zatkoff,20142015,PIT,37,0,0,0,0,0,0,0,2,0
Taylor Chorney,20142015,PIT,44,0,0,0,0,0,0,0,0,1
Dominik Uher,20142015,PIT,46,0,0,0,0,0,0,0,0,0
PIT,34,0,0,0,0,0,0,0,0,1
Kevin Poulin,20142015,NYI,60,0,0,0,0,0,0,1,0,2
Jack Johnson,20142015,CBJ,7,0,0,8,1,10,21,4,9,47
Jordan Leopold,20142015,John Curry,20142015,MIN,33,0,0,0,0,1,0,0,3,6
Carter Ashton,20142015,Casey Bailey,20142015,TOR,37,0,0,1,0,0,0,0,0,1
Joe Whitney,20142015,Seth Helgeson,20142015,N.J,33,0,1,0,0,0,0,0,2,0
Jordan Staal,20142015,CAR,11,1,2,3,3,7,8,2,1,10
Tyler Gaudet,20142015,ARI,32,0,0,0,0,0,0,0,0,0
Derek Roy,20142015,EDM,8,1,3,7,3,5,3,1,3,10
Micheal Haley,20142015,S.J,38,0,0,0,0,0,0,0,0,0
Nikita Nesterov,20142015,T.B,89,0,1,1,0,1,4,2,6,13
Brett Ritchie,20142015,DAL,25,0,0,6,0,1,2,2,1,7
Matt Fraser,20142015,EDM,28,0,0,5,1,0,3,1,1,3
Adam Larsson,20142015,N.J,5,0,0,3,2,7,12,2,1,14
Colin Fraser,20142015,STL,29,0,0,0,0,0,0,0,0,0
Mark Arcobello,20142015,NSH,26,0,0,1,0,0,0,0,0,0
PIT,39,0,0,12,0,6,4,1,5,9
Shane O'Brien,20142015,FLA,74,0,0,0,0,1,0,0,2,0
Rob Klinkhammer,20142015,EDM,12,0,0,1,1,1,0,2,0,5
Philip Varone,20142015,BUF,84,0,1,2,0,1,1,1,0,2
Freddie Hamilton,20142015,S.J,75,0,0,0,0,0,0,0,0,0
Sam Carrick,20142015,TOR,53,0,0,1,0,0,1,0,1,0
Miikka Salomaki,20142015,NSH,67,0,0,1,0,0,0,0,0,0
Marc Methot,20142015,OTT,3,0,0,1,0,2,8,3,8,26
Jeff Schultz,20142015,L.A,55,0,0,0,0,1,0,0,2,1
Teuvo Teravainen,20142015,CHI,86,0,1,3,1,3,1,1,3,2
Jordan Schroeder,20142015,MIN,10,0,0,3,1,2,2,0,0,4
David Schlemko,20142015,DAL,28,0,0,0,0,0,0,2,1,2
MTL,60,0,1,0,0,0,0,0,0,0
Joni Ortio,20142015,CGY,37,0,0,0,0,0,0,1,2,9
Matt Ellis,20142015,BUF,37,0,0,1,0,1,0,0,1,2
Frank Corrado,20142015,VAN,26,0,0,1,0,0,0,0,0,1
Devan Dubnyk,20142015,MIN,40,0,0,0,0,0,2,11,18,76
Josh Anderson,20142015,CBJ,53,0,0,0,0,0,1,0,1,1
Marek Mazanec,20142015,NSH,39,0,0,0,0,0,0,0,1,1
Teemu Pulkkinen,20142015,DET,56,0,1,4,0,1,2,0,2,7
Anthony Bitetto,20142015,NSH,83,0,0,0,0,0,0,0,0,1
Philip Samuelsson,20142015,ARI,25,0,0,0,0,0,0,0,0,0
Tom McCollum,20142015,DET,38,0,0,0,0,0,0,2,0,3
Daniel Winnik,20142015,Mark Arcobello,20142015,PIT,26,0,0,2,0,6,3,1,0,6
John Klingberg,20142015,DAL,3,1,2,8,3,15,11,3,7,39
Nick Shore,20142015,L.A,37,0,0,1,0,2,4,0,3,1
Maxim Lapierre,20142015,PIT,40,0,0,0,0,2,0,0,0,2
Ryan White,20142015,PHI,25,0,2,4,1,3,2,0,0,6
Petr Straka,20142015,PHI,51,0,0,0,0,2,0,0,0,0
Alex Petrovic,20142015,FLA,72,0,0,0,0,0,3,2,5,6
Marcel Goc,20142015,STL,57,0,0,1,0,0,2,0,0,1
Matt Hackett,20142015,BUF,31,0,0,0,0,0,0,2,0,7
Alexey Marchenko,20142015,DET,47,0,0,1,0,0,1,0,2,2
Brendan Shinnimin,20142015,ARI,39,0,0,0,0,0,1,0,0,0
Louis Domingue,20142015,ARI,35,0,0,0,0,0,0,2,0,7
Luke Witkowski,20142015,T.B,53,0,0,0,0,0,0,3,3,4
Ty Rattie,20142015,STL,18,0,0,0,0,1,1,0,0,1
Ronalds Kenins,20142015,VAN,41,0,0,4,0,5,3,1,2,2
Adam Clendening,20142015,VAN,44,0,0,0,0,1,1,1,6,4
Jacob De La Rose,20142015,MTL,25,2,1,1,1,0,1,0,4,0
Steven Kampfer,20142015,FLA,3,0,0,2,0,1,1,1,3,3
Daniil Tarasov,20142015,S.J,71,0,0,0,0,0,1,0,1,1
Philipp Grubauer,20142015,WSH,31,0,0,0,0,0,0,0,0,2
Cameron Schilling,20142015,WSH,45,0,0,0,0,0,0,0,1,1
Gabriel Dumont,20142015,MTL,37,0,0,0,0,0,0,0,0,0
Harry Zolnierczyk,20142015,NYI,16,0,0,0,0,0,0,0,0,0
Colin McDonald,20142015,NYI,13,0,1,1,0,4,2,0,1,0
Clayton Stoner,20142015,ANA,3,1,0,0,1,6,0,3,9,20
Kevin Connauton,20142015,CBJ,4,2,2,5,2,5,3,2,7,22
Alexandre Bolduc,20142015,ARI,49,0,0,0,0,0,0,0,0,0
Ryan Hamilton,20142015,EDM,48,0,0,1,0,1,0,0,0,2
Drew Stafford,20142015,WPG,12,1,1,7,0,5,5,2,4,1
Tyler Myers,20142015,WPG,57,0,1,2,2,6,4,3,3,13
Stefan Elliott,20142015,COL,46,0,0,0,0,0,0,0,0,1
Richard Bachman,20142015,EDM,32,0,0,0,0,0,0,2,5,13
Jyrki Jokipakka,20142015,DAL,2,0,0,0,0,4,6,1,6,19
Steve Oleksy,20142015,WSH,61,0,0,0,0,0,0,0,0,0
Kyle Cumiskey,20142015,CHI,26,0,0,0,0,0,0,0,1,1
Shane Prince,20142015,OTT,10,0,0,0,0,0,1,0,0,0
Andrew Hammond,20142015,OTT,30,0,0,0,0,0,1,3,10,55
Mike McKenna,20142015,ARI,43,0,0,0,0,0,0,0,0,2
Alex Biega,20142015,VAN,55,0,0,1,0,0,0,0,1,3
MTL,64,0,0,0,0,0,0,1,2,3
Brandon McMillan,20142015,VAN,21,0,0,0,0,0,1,0,1,1
Malcolm Subban,20142015,BOS,70,0,0,0,0,0,0,0,0,1
Ryan Hartman,20142015,CHI,38,0,0,0,0,0,0,0,0,0
Kael Mouillierat,20142015,NYI,48,0,0,1,0,0,1,0,0,0
Mike Santorelli,20142015,NSH,10,0,0,1,0,2,1,2,0,2
Carl Klingberg,20142015,WPG,48,0,0,0,0,0,0,0,0,0
Olli Jokinen,20142015,TOR,11,0,0,0,0,1,0,0,0,0
Brian Ferlin,20142015,BOS,68,0,0,0,0,1,0,0,0,0
Cody Franson,20142015,NSH,44,0,1,0,0,2,1,2,2,5
Dylan Reese,20142015,ARI,46,0,0,0,0,0,0,0,0,1
Garrett Wilson,20142015,FLA,28,0,0,0,0,0,0,0,0,0
Jiri Sekac,20142015,ANA,46,1,0,1,0,2,3,1,1,1
Devante Smith-Pelly,20142015,MTL,21,0,1,0,1,0,1,1,2,1
Sean Bergenheim,20142015,MIN,23,0,0,1,0,0,0,1,0,2
Eric O'Dell,20142015,WPG,58,0,0,0,1,0,0,0,0,1
Chris Wagner,20142015,ANA,62,0,0,0,0,0,0,0,1,0
Jaromir Jagr,20142015,FLA,68,0,1,5,0,7,5,0,3,4
Jack Hillen,20142015,CAR,38,0,0,0,0,0,0,0,1,1
ARI,15,0,0,0,0,0,0,0,0,0
Jiri Tlusty,20142015,WPG,91,0,1,0,0,1,6,0,0,3
Andy Andreoff,20142015,L.A,15,0,1,1,0,0,1,0,0,0
Keith Yandle,20142015,NYR,93,0,0,2,1,3,5,1,5,6
Antoine Vermette,20142015,CHI,80,0,0,0,0,1,2,2,0,3
Emile Poirier,20142015,CGY,57,0,0,0,0,0,1,0,0,0
Corey Potter,20142015,CGY,28,0,0,0,0,0,0,0,1,0
Justin Falk,20142015,CBJ,44,0,0,1,0,0,1,0,0,0
Curtis Glencross,20142015,WSH,22,0,0,4,0,1,2,1,0,4
Anders Lindback,20142015,BUF,35,0,0,0,0,0,0,1,3,26
Jerry D'Amigo,20142015,BUF,49,0,0,0,0,0,0,0,0,1
Matt Puempel,20142015,OTT,26,0,0,2,0,0,1,0,2,2
Simon Despres,20142015,ANA,24,0,0,1,0,3,2,1,4,5
Klas Dahlbeck,20142015,ARI,34,0,0,0,0,2,1,0,1,5
John Moore,20142015,ARI,17,0,0,1,0,1,3,0,0,4
Jordan Oesterle,20142015,EDM,82,0,0,0,0,1,0,0,0,0
Jacob Markstrom,20142015,VAN,35,0,0,0,0,0,0,0,0,3
Lee Stempniak,20142015,WPG,20,0,2,4,0,4,0,0,0,2
Erik Cole,20142015,DET,72,0,0,3,0,1,2,1,1,3
Marek Zidlicky,20142015,DET,28,0,0,3,0,4,4,1,3,8
Travis Moen,20142015,Brian Flynn,20142015,MTL,32,0,0,0,0,0,0,0,0,1
Braydon Coburn,20142015,T.B,55,0,0,0,0,0,2,0,1,1
Joakim Lindstrom,20142015,TOR,15,0,0,1,0,2,1,0,1,0
Zach Sill,20142015,TOR,22,0,0,0,1,0,0,0,1,0
Dion Phaneuf,20142015,TOR,3,0,0,3,0,14,12,8,12,45
Dan Ellis,20142015,FLA,39,0,0,0,0,0,0,1,7,12
Eric Boulton,20142015,NYI,36,0,0,2,0,0,0,0,0,0
Rasmus Rissanen,20142015,CAR,62,0,0,0,0,0,0,0,0,0
David Schlemko,20142015,CGY,3,0,0,0,0,0,0,1,3,9
Ben Lovejoy,20142015,PIT,12,0,0,1,0,0,2,1,1,6
Ian Cole,20142015,PIT,28,0,0,1,1,2,4,1,1,4
Robert Bortuzzo,20142015,STL,41,0,0,1,0,1,0,0,0,2
Tim Erixon,20142015,TOR,33,1,0,0,0,0,0,1,0,1
Jordan Caron,20142015,COL,27,0,0,0,0,0,0,1,0,1
Ben Smith,20142015,S.J,21,0,0,2,1,0,2,0,0,0
Freddie Hamilton,20142015,COL,13,0,0,1,0,0,0,0,0,3
Tyler Kennedy,20142015,NYI,26,0,0,2,0,3,0,0,0,1
Petter Granberg,20142015,TOR,8,0,0,0,0,0,0,0,1,1
James Wisniewski,20142015,ANA,20,0,0,0,1,0,4,0,1,3
Andrej Sekera,20142015,L.A,7,0,0,1,0,2,1,0,3,6
Andrew MacWilliam,20142015,TOR,57,0,0,0,0,0,2,1,0,0
Zbynek Michalek,20142015,STL,6,0,0,2,0,2,0,0,1,6
James Sheppard,20142015,NYR,45,0,0,2,0,0,0,0,0,1
Chris Conner,20142015,WSH,23,0,0,0,0,0,0,0,0,1
Andrew Miller,20142015,EDM,58,0,0,0,0,3,2,0,0,0
Ryan Craig,20142015,CBJ,12,0,0,0,0,0,0,0,1,0
Danny Biega,20142015,CAR,41,0,0,0,0,0,2,0,1,2
Nick Cousins,20142015,PHI,52,0,0,0,0,0,0,0,1,2
Jordan Szwarz,20142015,ARI,21,0,0,1,0,0,0,0,1,0
Viktor Arvidsson,20142015,NSH,38,0,0,0,0,0,0,0,0,1
Kevin Fiala,20142015,NSH,56,0,0,0,0,0,0,0,0,0
Joey Hishon,20142015,COL,38,0,1,0,0,0,1,0,1,2
Zac Dalpe,20142015,BUF,20,0,0,1,0,0,2,0,0,1
Oliver Lauridsen,20142015,PHI,38,0,0,0,0,0,0,0,0,0
Mark Alt,20142015,PHI,39,0,0,0,0,0,0,0,0,0
Chris Summers,20142015,NYR,55,0,0,0,0,0,0,1,0,1
Olli Jokinen,20142015,STL,13,0,0,1,0,2,0,0,0,0
Slater Koekkoek,20142015,T.B,29,0,0,0,0,0,0,0,1,0
Taylor Fedun,20142015,S.J,43,0,0,0,0,1,3,0,0,1
Tyler Bunz,20142015,EDM,34,0,0,0,0,0,0,0,1,0
VAN,42,0,0,0,0,0,0,0,0,0
David Musil,20142015,EDM,87,0,0,0,1,0,1,0,0,2
NYR,25,0,0,0,0,0,0,0,0,0
Keegan Lowe,20142015,CAR,45,0,0,0,0,0,0,0,0,0
Raman Hrabarenka,20142015,Mike Sislo,20142015,N.J,34,0,0,0,0,0,0,0,1,0
S.J,42,0,0,1,0,0,0,0,0,0
Sven Baertschi,20142015,VAN,47,0,1,1,0,0,0,0,0,1
Stanislav Galiev,20142015,WSH,49,0,0,1,0,0,0,0,0,0
Tyler Wotherspoon,20142015,CGY,26,0,0,0,0,0,0,0,0,0
Andrew Copp,20142015,WPG,51,0,0,0,1,0,0,0,1,0
CGY,55,0,0,0,0,0,0,0,1,0
CGY,63,0,0,0,1,0,0,0,0,0
Brett Kulak,20142015,CGY,61,0,0,0,0,0,0,0,1,0
Landon Ferraro,20142015,DET,29,0,1,0,0,0,0,0,0,0
Joe Piskula,20142015,NSH,47,0,0,0,0,0,0,0,0,0
Michael Paliotta,20142015,CHI,47,0,0,0,0,0,1,0,0,0
COL,16,0,0,0,0,0,0,0,0,1
Kyle Baun,20142015,CHI,39,0,0,0,0,0,0,0,0,0
