"","name","season","TOT","X.x","age.x","games_played","pen_min","plus_minus","goals_ev","goals_pp","goals_sh","goals_gw","assists_ev","assists_pp","assists_sh","shot_pct","shots_attempted","shot_pct.1","shots_attempted.1","time_on_ice_avg","hits","blocks","takeaways","giveaways","X.y","age.y","corsi_for","corsi_against","corsi_pct","corsi_rel_pct","fenwick_for","fenwick_against","fenwick_pct","fenwick_rel_pct","on_ice_shot_pct","on_ice_sv_pct","pdo","zs_offense_pct","zs_defense_pct"
"1","adamscr01","2000-01","TOT",1,30,44,20,"-7",1,0,0,0,0,0,0,"6.7",NA,"6.7",NA,"4:30",NA,NA,NA,NA,NA,NA,NA,NA,NA,NA,NA,NA,NA,NA,NA,NA,NA,NA,NA
"2","adamscr01","2001-02","CAR",2,30,33,38,"2",0,0,0,0,1,0,0,"0.0",NA,"0.0",NA,"5:54",NA,NA,NA,NA,NA,NA,NA,NA,NA,NA,NA,NA,NA,NA,NA,NA,NA,NA,NA
"3","adamscr01","2002-03","CHI",3,30,81,71,"-11",5,1,0,1,11,1,0,"5.6",NA,"5.6",NA,"12:12",NA,NA,NA,NA,NA,NA,NA,NA,NA,NA,NA,NA,NA,NA,NA,NA,NA,NA,NA
"4","adamscr01","2003-04","TOT",4,31,80,69,"-5",6,0,1,0,10,0,0,"6.4",NA,"6.4",NA,"13:41",NA,NA,NA,NA,NA,NA,NA,NA,NA,NA,NA,NA,NA,NA,NA,NA,NA,NA,NA
"5","adamscr01","2005-06","CHI",5,31,67,51,"1",8,1,1,2,9,0,2,"14.7",NA,"14.7",NA,"12:18",NA,NA,NA,NA,NA,NA,NA,NA,NA,NA,NA,NA,NA,NA,NA,NA,NA,NA,NA
"6","adamscr01","2006-07","PIT",6,31,82,54,"-9",6,0,1,1,6,0,1,"9.9",NA,"9.9",NA,"10:04",NA,NA,NA,NA,NA,NA,NA,NA,NA,NA,NA,NA,NA,NA,NA,NA,NA,NA,NA
"7","adamscr01","2007-08","PIT",7,32,75,58,"-16",3,0,1,1,7,0,0,"6.3",110,"6.3",110,"10:48",117,43,22,9,NA,NA,NA,NA,NA,NA,NA,NA,NA,NA,NA,NA,NA,NA,NA
"8","adamscr01","2007-08","PIT",8,33,40,34,"-8",2,0,0,0,3,0,0,"6.5",64,"6.5",64,"9:48",67,20,13,4,NA,NA,NA,NA,NA,NA,NA,NA,NA,NA,NA,NA,NA,NA,NA
"9","adamscr01","2007-08","PIT",9,34,35,24,"-8",1,0,1,1,4,0,0,"6.3",46,"6.3",46,"11:56",50,23,9,5,NA,NA,NA,NA,NA,NA,NA,NA,NA,NA,NA,NA,NA,NA,NA
"10","adamscr01","2008-09","PIT",10,35,45,22,"-3",1,1,0,0,5,0,0,"4.3",81,"4.3",81,"8:41",67,20,7,3,6,31,67,34,66.3,"9.5",56,24,70,"11.3",2.3,92.3,94.6,"74.3","25.7"
"11","adamscr01","2008-09","PIT",12,37,9,0,"0",0,0,0,0,1,0,0,"0.0",14,"0.0",14,"8:34",14,4,0,0,6,31,67,34,66.3,"9.5",56,24,70,"11.3",2.3,92.3,94.6,"74.3","25.7"
"12","adamscr01","2008-09","PIT",11,36,36,22,"-3",1,1,0,0,4,0,0,"5.3",67,"5.3",67,"8:43",53,16,7,3,6,31,67,34,66.3,"9.5",56,24,70,"11.3",2.3,92.3,94.6,"74.3","25.7"
"13","ashamar01","1998-99","NJD",1,29,7,0,"-4",0,0,0,0,0,0,0,"0.0",NA,"0.0",NA,"7:27",NA,NA,NA,NA,NA,NA,NA,NA,NA,NA,NA,NA,NA,NA,NA,NA,NA,NA,NA
"14","ashamar01","1999-00","PHI",2,30,33,24,"-7",3,0,1,1,1,1,0,"13.8",NA,"13.8",NA,"10:14",NA,NA,NA,NA,NA,NA,NA,NA,NA,NA,NA,NA,NA,NA,NA,NA,NA,NA,NA
"15","ashamar01","2000-01","PHI",3,31,46,59,"-9",2,0,0,0,2,1,0,"6.3",NA,"6.3",NA,"8:28",NA,NA,NA,NA,NA,NA,NA,NA,NA,NA,NA,NA,NA,NA,NA,NA,NA,NA,NA
"16","ashamar01","2001-02","PIT",4,32,35,55,"7",5,0,0,0,4,0,0,"16.7",NA,"16.7",NA,"8:13",NA,NA,NA,NA,NA,NA,NA,NA,NA,NA,NA,NA,NA,NA,NA,NA,NA,NA,NA
"17","ashamar01","2002-03","PIT",5,33,78,57,"1",11,4,0,1,17,1,1,"13.2",NA,"13.2",NA,"12:13",NA,NA,NA,NA,NA,NA,NA,NA,NA,NA,NA,NA,NA,NA,NA,NA,NA,NA,NA
"18","ashamar01","2003-04","NYR",6,34,79,92,"-12",11,1,0,0,10,2,0,"11.1",NA,"11.1",NA,"13:13",NA,NA,NA,NA,NA,NA,NA,NA,NA,NA,NA,NA,NA,NA,NA,NA,NA,NA,NA
"19","ashamar01","2005-06","NYR",7,35,63,103,"-5",6,2,1,0,15,0,0,"9.1",NA,"9.1",NA,"13:33",NA,NA,NA,NA,NA,NA,NA,NA,NA,NA,NA,NA,NA,NA,NA,NA,NA,NA,NA
"20","beginst01","1997-98","MTL",1,29,5,23,"0",0,0,0,0,0,0,0,"0.0",NA,"0.0",NA,"</td>",NA,NA,NA,NA,NA,NA,NA,NA,NA,NA,NA,NA,NA,NA,NA,NA,NA,NA,NA
"21","beginst01","1999-00","TOT",2,30,13,18,"-3",1,0,0,0,1,0,0,"33.3",NA,"33.3",NA,"7:13",NA,NA,NA,NA,NA,NA,NA,NA,NA,NA,NA,NA,NA,NA,NA,NA,NA,NA,NA
"22","beginst01","2000-01","MTL",3,30,4,21,"0",0,0,0,0,0,0,0,"0.0",NA,"0.0",NA,"6:04",NA,NA,NA,NA,NA,NA,NA,NA,NA,NA,NA,NA,NA,NA,NA,NA,NA,NA,NA
"23","beginst01","2001-02","DAL",4,30,51,79,"-3",6,1,0,0,5,0,0,"10.8",NA,"10.8",NA,"9:25",NA,NA,NA,NA,NA,NA,NA,NA,NA,NA,NA,NA,NA,NA,NA,NA,NA,NA,NA
"24","beginst01","2002-03","BOS",5,31,50,51,"-7",3,0,0,1,1,0,0,"5.1",NA,"5.1",NA,"9:13",NA,NA,NA,NA,NA,NA,NA,NA,NA,NA,NA,NA,NA,NA,NA,NA,NA,NA,NA
"25","beginst01","2003-04","NSH",6,32,52,41,"6",9,0,1,1,5,0,0,"11.0",NA,"11.0",NA,"12:32",NA,NA,NA,NA,NA,NA,NA,NA,NA,NA,NA,NA,NA,NA,NA,NA,NA,NA,NA
"26","beginst01","2005-06","CGY",7,34,76,113,"9",8,1,2,2,9,1,2,"8.2",NA,"8.2",NA,"14:19",NA,NA,NA,NA,NA,NA,NA,NA,NA,NA,NA,NA,NA,NA,NA,NA,NA,NA,NA
"27","belaner01","2000-01","MIN",1,30,62,16,"14",6,1,2,1,11,1,0,"11.3",NA,"11.3",NA,"13:25",NA,NA,NA,NA,NA,NA,NA,NA,NA,NA,NA,NA,NA,NA,NA,NA,NA,NA,NA
"28","belaner01","2001-02","MIN",2,31,53,21,"2",5,2,1,1,10,6,0,"11.9",NA,"11.9",NA,"14:33",NA,NA,NA,NA,NA,NA,NA,NA,NA,NA,NA,NA,NA,NA,NA,NA,NA,NA,NA
"29","belaner01","2002-03","TOT",3,32,62,26,"-5",13,0,3,1,15,4,0,"14.0",NA,"14.0",NA,"17:42",NA,NA,NA,NA,NA,NA,NA,NA,NA,NA,NA,NA,NA,NA,NA,NA,NA,NA,NA
"30","belaner01","2003-04","MIN",4,32,81,44,"-16",12,0,1,2,16,3,1,"9.8",NA,"9.8",NA,"17:01",NA,NA,NA,NA,NA,NA,NA,NA,NA,NA,NA,NA,NA,NA,NA,NA,NA,NA,NA
"31","belaner01","2005-06","WSH",5,32,65,62,"-5",12,5,0,1,17,2,1,"14.3",NA,"14.3",NA,"17:33",NA,NA,NA,NA,NA,NA,NA,NA,NA,NA,NA,NA,NA,NA,NA,NA,NA,NA,NA
"32","belaner01","2006-07","EDM",7,34,56,14,"-2",5,3,0,1,10,2,0,"8.0",NA,"8.0",NA,"14:51",NA,NA,NA,NA,NA,NA,NA,NA,NA,NA,NA,NA,NA,NA,NA,NA,NA,NA,NA
"33","belaner01","2006-07","EDM",8,35,24,12,"0",8,1,0,0,6,0,0,"18.4",NA,"18.4",NA,"19:29",NA,NA,NA,NA,NA,NA,NA,NA,NA,NA,NA,NA,NA,NA,NA,NA,NA,NA,NA
"34","belaner01","2006-07","PHX",6,33,80,26,"-2",13,4,0,1,16,2,0,"11.4",NA,"11.4",NA,"16:15",NA,NA,NA,NA,NA,NA,NA,NA,NA,NA,NA,NA,NA,NA,NA,NA,NA,NA,NA
"35","bouleje01","2001-02","PHI",1,29,3,5,"-1",0,0,0,0,0,0,0,"0.0",NA,"0.0",NA,"4:18",NA,NA,NA,NA,NA,NA,NA,NA,NA,NA,NA,NA,NA,NA,NA,NA,NA,NA,NA
"36","bouleje01","2002-03","EDM",2,30,48,108,"-2",2,0,0,0,1,0,0,"16.7",NA,"16.7",NA,"3:54",NA,NA,NA,NA,NA,NA,NA,NA,NA,NA,NA,NA,NA,NA,NA,NA,NA,NA,NA
"37","bradlma01","2000-01","WSH",1,29,21,19,"0",1,0,0,0,1,0,0,"6.3",NA,"6.3",NA,"6:58",NA,NA,NA,NA,NA,NA,NA,NA,NA,NA,NA,NA,NA,NA,NA,NA,NA,NA,NA
"38","bradlma01","2001-02","WSH",2,30,54,43,"22",9,0,0,2,13,0,0,"14.3",NA,"14.3",NA,"8:27",NA,NA,NA,NA,NA,NA,NA,NA,NA,NA,NA,NA,NA,NA,NA,NA,NA,NA,NA
"39","bradlma01","2002-03","WSH",3,31,46,37,"-1",2,0,0,0,3,0,0,"9.5",NA,"9.5",NA,"7:54",NA,NA,NA,NA,NA,NA,NA,NA,NA,NA,NA,NA,NA,NA,NA,NA,NA,NA,NA
"40","bradlma01","2003-04","WSH",4,32,82,65,"-27",7,0,0,1,8,1,0,"8.2",NA,"8.2",NA,"12:48",NA,NA,NA,NA,NA,NA,NA,NA,NA,NA,NA,NA,NA,NA,NA,NA,NA,NA,NA
"41","bradlma01","2005-06","FLA",5,33,74,72,"-8",7,0,0,1,11,0,1,"8.0",NA,"8.0",NA,"12:36",NA,NA,NA,NA,NA,NA,NA,NA,NA,NA,NA,NA,NA,NA,NA,NA,NA,NA,NA
"42","brierda01","1997-98","PHI",1,30,5,2,"1",1,0,0,0,0,0,0,"25.0",NA,"25.0",NA,"</td>",NA,NA,NA,NA,NA,NA,NA,NA,NA,NA,NA,NA,NA,NA,NA,NA,NA,NA,NA
"43","brierda01","1998-99","PHI",2,31,64,30,"-3",6,2,0,2,12,2,0,"8.9",NA,"8.9",NA,"11:13",NA,NA,NA,NA,NA,NA,NA,NA,NA,NA,NA,NA,NA,NA,NA,NA,NA,NA,NA
"44","brierda01","1999-00","PHI",3,32,13,0,"0",1,0,0,0,1,0,0,"11.1",NA,"11.1",NA,"7:41",NA,NA,NA,NA,NA,NA,NA,NA,NA,NA,NA,NA,NA,NA,NA,NA,NA,NA,NA
"45","brierda01","2000-01","PHI",4,33,30,12,"-2",2,9,0,1,1,3,0,"25.6",NA,"25.6",NA,"10:50",NA,NA,NA,NA,NA,NA,NA,NA,NA,NA,NA,NA,NA,NA,NA,NA,NA,NA,NA
"46","brierda01","2001-02","PHI",5,34,78,52,"6",20,12,0,5,18,10,0,"<str",NA,"<str",NA,"15:44",NA,NA,NA,NA,NA,NA,NA,NA,NA,NA,NA,NA,NA,NA,NA,NA,NA,NA,NA
"47","brierda01","2002-03","COL",8,37,14,12,"1",2,5,0,1,4,1,0,"17.9",NA,"17.9",NA,"17:49",NA,NA,NA,NA,NA,NA,NA,NA,NA,NA,NA,NA,NA,NA,NA,NA,NA,NA,NA
"48","brierda01","2002-03","MTL",7,36,68,50,"-21",13,4,0,3,14,15,0,"12.0",NA,"12.0",NA,"17:02",NA,NA,NA,NA,NA,NA,NA,NA,NA,NA,NA,NA,NA,NA,NA,NA,NA,NA,NA
"49","brierda01","2002-03","PHI",6,35,82,62,"-20",15,9,0,4,18,16,0,"13.3",NA,"13.3",NA,"17:10",NA,NA,NA,NA,NA,NA,NA,NA,NA,NA,NA,NA,NA,NA,NA,NA,NA,NA,NA
"50","charazd01","1997-98","BOS",1,30,25,50,"1",0,0,0,0,1,0,0,"0.0",NA,"0.0",NA,"</td>",NA,NA,NA,NA,NA,NA,NA,NA,NA,NA,NA,NA,NA,NA,NA,NA,NA,NA,NA
"51","charazd01","1998-99","BOS",2,31,59,83,"-8",1,0,1,0,6,0,0,"3.6",NA,"3.6",NA,"18:54",NA,NA,NA,NA,NA,NA,NA,NA,NA,NA,NA,NA,NA,NA,NA,NA,NA,NA,NA
"52","charazd01","1999-00","BOS",3,32,65,57,"-27",2,0,0,1,8,0,1,"4.3",NA,"4.3",NA,"22:52",NA,NA,NA,NA,NA,NA,NA,NA,NA,NA,NA,NA,NA,NA,NA,NA,NA,NA,NA
"53","charazd01","2000-01","BOS",4,33,82,157,"-27",1,0,1,0,5,0,2,"2.4",NA,"2.4",NA,"22:20",NA,NA,NA,NA,NA,NA,NA,NA,NA,NA,NA,NA,NA,NA,NA,NA,NA,NA,NA
"54","charazd01","2001-02","BOS",5,34,75,156,"30",5,4,1,2,10,1,2,"9.5",NA,"9.5",NA,"22:16",NA,NA,NA,NA,NA,NA,NA,NA,NA,NA,NA,NA,NA,NA,NA,NA,NA,NA,NA
"55","charazd01","2002-03","BOS",6,35,74,116,"29",6,3,0,2,14,14,2,"5.4",NA,"5.4",NA,"24:57",NA,NA,NA,NA,NA,NA,NA,NA,NA,NA,NA,NA,NA,NA,NA,NA,NA,NA,NA
"56","charazd01","2003-04","BOS",7,36,79,147,"33",9,7,0,3,15,7,3,"8.6",NA,"8.6",NA,"24:38",NA,NA,NA,NA,NA,NA,NA,NA,NA,NA,NA,NA,NA,NA,NA,NA,NA,NA,NA
"57","charazd01","2005-06","BOS",8,37,71,135,"17",5,10,1,3,13,12,2,"7.5",NA,"7.5",NA,"27:11",NA,NA,NA,NA,NA,NA,NA,NA,NA,NA,NA,NA,NA,NA,NA,NA,NA,NA,NA
"58","charazd01","2006-07","BOS",9,38,80,100,"-21",2,9,0,3,14,17,1,"5.4",NA,"5.4",NA,"27:58",NA,NA,NA,NA,NA,NA,NA,NA,NA,NA,NA,NA,NA,NA,NA,NA,NA,NA,NA
"59","charazd01","2007-08","BOS",10,39,77,114,"14",7,9,1,0,17,16,1,"8.2",389,"8.2",389,"26:50",222,78,30,50,1,30,1329,1139,53.8,"2.9",1006,917,52.3,"2.4",9.5,92,101,"48.9","51.1"
"60","clarkbr01","1997-98","COL",1,31,41,20,"-3",1,0,0,0,0,0,0,"3.8",NA,"3.8",NA,"</td>",NA,NA,NA,NA,NA,NA,NA,NA,NA,NA,NA,NA,NA,NA,NA,NA,NA,NA,NA
"61","clarkbr01","1998-99","COL",2,32,61,16,"-3",2,0,0,0,2,0,0,"5.6",NA,"5.6",NA,"13:11",NA,NA,NA,NA,NA,NA,NA,NA,NA,NA,NA,NA,NA,NA,NA,NA,NA,NA,NA
"62","clarkbr01","1999-00","COL",3,33,14,4,"-12",0,0,0,0,1,0,0,"0.0",NA,"0.0",NA,"16:51",NA,NA,NA,NA,NA,NA,NA,NA,NA,NA,NA,NA,NA,NA,NA,NA,NA,NA,NA
"63","clarkbr01","2000-01","TBL",4,34,28,14,"-12",1,0,0,0,2,0,0,"2.9",NA,"2.9",NA,"18:02",NA,NA,NA,NA,NA,NA,NA,NA,NA,NA,NA,NA,NA,NA,NA,NA,NA,NA,NA
"64","clarkbr01","2001-02","TBL",5,35,2,0,"-3",0,0,0,0,0,0,0,"</td",NA,"</td",NA,"15:32",NA,NA,NA,NA,NA,NA,NA,NA,NA,NA,NA,NA,NA,NA,NA,NA,NA,NA,NA
"65","clarkbr01","2003-04","MIN",6,36,12,6,"3",1,0,0,0,1,0,0,"7.1",NA,"7.1",NA,"10:26",NA,NA,NA,NA,NA,NA,NA,NA,NA,NA,NA,NA,NA,NA,NA,NA,NA,NA,NA
"66","cullema01","1997-98","CAR",1,31,61,23,"-4",4,2,0,0,17,4,0,"8.0",NA,"8.0",NA,"</td>",NA,NA,NA,NA,NA,NA,NA,NA,NA,NA,NA,NA,NA,NA,NA,NA,NA,NA,NA
"67","cullema01","1998-99","CAR",2,32,75,47,"-12",5,5,1,1,12,2,0,"9.8",NA,"9.8",NA,"15:31",NA,NA,NA,NA,NA,NA,NA,NA,NA,NA,NA,NA,NA,NA,NA,NA,NA,NA,NA
"68","cullema01","1999-00","TOT",3,33,80,24,"5",12,1,0,1,18,7,1,"9.5",NA,"9.5",NA,"16:54",NA,NA,NA,NA,NA,NA,NA,NA,NA,NA,NA,NA,NA,NA,NA,NA,NA,NA,NA
"69","cullema01","2000-01","CAR",4,33,82,38,"-23",6,4,0,1,19,11,0,"6.3",NA,"6.3",NA,"18:15",NA,NA,NA,NA,NA,NA,NA,NA,NA,NA,NA,NA,NA,NA,NA,NA,NA,NA,NA
"70","cullema01","2001-02","OTT",5,33,79,24,"-1",14,3,1,4,21,8,1,"11.0",NA,"11.0",NA,"17:01",NA,NA,NA,NA,NA,NA,NA,NA,NA,NA,NA,NA,NA,NA,NA,NA,NA,NA,NA
"71","cullema01","2002-03","MIN",6,34,80,34,"-8",9,3,1,2,12,7,1,"9.9",NA,"9.9",NA,"14:28",NA,NA,NA,NA,NA,NA,NA,NA,NA,NA,NA,NA,NA,NA,NA,NA,NA,NA,NA
"72","cullema01","2002-03","MIN",7,35,50,12,"-4",6,1,0,1,8,6,0,"9.1",NA,"9.1",NA,"14:18",NA,NA,NA,NA,NA,NA,NA,NA,NA,NA,NA,NA,NA,NA,NA,NA,NA,NA,NA
"73","cullema01","2002-03","MIN",8,36,30,22,"-4",3,2,1,1,4,1,1,"11.1",NA,"11.1",NA,"14:43",NA,NA,NA,NA,NA,NA,NA,NA,NA,NA,NA,NA,NA,NA,NA,NA,NA,NA,NA
"74","cullema01","2003-04","NSH",9,37,56,24,"-2",5,1,0,2,10,1,2,"8.0",NA,"8.0",NA,"14:12",NA,NA,NA,NA,NA,NA,NA,NA,NA,NA,NA,NA,NA,NA,NA,NA,NA,NA,NA
"75","cullema01","2005-06","NSH",10,38,78,40,"4",17,8,0,5,13,10,1,"11.7",NA,"11.7",NA,"16:26",NA,NA,NA,NA,NA,NA,NA,NA,NA,NA,NA,NA,NA,NA,NA,NA,NA,NA,NA
"76","cullema01","2006-07","PIT",11,39,80,52,"0",11,2,3,2,18,5,2,"7.4",NA,"7.4",NA,"17:10",NA,NA,NA,NA,NA,NA,NA,NA,NA,NA,NA,NA,NA,NA,NA,NA,NA,NA,NA
"77","cullema01","2007-08","PIT",12,40,59,32,"2",5,8,0,1,20,15,1,"9.5",255,"9.5",255,"16:52",33,30,27,28,NA,NA,NA,NA,NA,NA,NA,NA,NA,NA,NA,NA,NA,NA,NA
"78","deverbo01","1997-98","TOR",1,29,38,6,"-5",1,0,0,0,4,0,0,"3.7",NA,"3.7",NA,"</td>",NA,NA,NA,NA,NA,NA,NA,NA,NA,NA,NA,NA,NA,NA,NA,NA,NA,NA,NA
"79","deverbo01","1998-99","TOR",2,30,61,23,"2",5,0,1,4,8,0,0,"15.4",NA,"15.4",NA,"10:09",NA,NA,NA,NA,NA,NA,NA,NA,NA,NA,NA,NA,NA,NA,NA,NA,NA,NA,NA
"80","dumonjp01","1998-99","NSH",1,29,25,10,"7",9,0,0,2,5,1,0,"21.4",NA,"21.4",NA,"14:14",NA,NA,NA,NA,NA,NA,NA,NA,NA,NA,NA,NA,NA,NA,NA,NA,NA,NA,NA
"81","dumonjp01","1999-00","NSH",2,30,47,18,"-6",10,0,0,1,8,0,0,"11.6",NA,"11.6",NA,"12:54",NA,NA,NA,NA,NA,NA,NA,NA,NA,NA,NA,NA,NA,NA,NA,NA,NA,NA,NA
"82","dumonjp01","2000-01","NSH",3,31,79,54,"1",14,9,0,5,23,5,0,"14.7",NA,"14.7",NA,"15:01",NA,NA,NA,NA,NA,NA,NA,NA,NA,NA,NA,NA,NA,NA,NA,NA,NA,NA,NA
"83","dumonjp01","2001-02","NSH",4,32,76,42,"-10",16,7,0,3,15,6,0,"14.9",NA,"14.9",NA,"15:14",NA,NA,NA,NA,NA,NA,NA,NA,NA,NA,NA,NA,NA,NA,NA,NA,NA,NA,NA
"84","greenjo01","1998-99","ANA",1,33,27,8,"-5",0,1,0,0,3,0,0,"2.9",NA,"2.9",NA,"11:44",NA,NA,NA,NA,NA,NA,NA,NA,NA,NA,NA,NA,NA,NA,NA,NA,NA,NA,NA
"85","greenjo01","1999-00","EDM",2,34,49,41,"-7",10,2,0,3,9,5,0,"11.0",NA,"11.0",NA,"13:36",NA,NA,NA,NA,NA,NA,NA,NA,NA,NA,NA,NA,NA,NA,NA,NA,NA,NA,NA
"86","hinotda01","1999-00","STL",1,31,27,10,"0",1,0,0,0,2,1,0,"7.1",NA,"7.1",NA,"7:51",NA,NA,NA,NA,NA,NA,NA,NA,NA,NA,NA,NA,NA,NA,NA,NA,NA,NA,NA
"87","hinotda01","2000-01","STL",2,32,76,51,"1",4,1,0,1,8,2,0,"7.2",NA,"7.2",NA,"10:21",NA,NA,NA,NA,NA,NA,NA,NA,NA,NA,NA,NA,NA,NA,NA,NA,NA,NA,NA
"88","kaberto01","1998-99","TOR",1,29,57,12,"3",4,0,0,2,12,5,1,"5.6",NA,"5.6",NA,"18:42",NA,NA,NA,NA,NA,NA,NA,NA,NA,NA,NA,NA,NA,NA,NA,NA,NA,NA,NA
"89","kaberto01","1999-00","TOR",2,30,82,24,"3",5,2,0,0,19,13,1,"8.5",NA,"8.5",NA,"22:55",NA,NA,NA,NA,NA,NA,NA,NA,NA,NA,NA,NA,NA,NA,NA,NA,NA,NA,NA
"90","kaberto01","2000-01","TOR",3,31,82,24,"10",6,0,0,1,21,17,1,"6.3",NA,"6.3",NA,"22:41",NA,NA,NA,NA,NA,NA,NA,NA,NA,NA,NA,NA,NA,NA,NA,NA,NA,NA,NA
"91","kaberto01","2001-02","TOT",4,32,69,2,"5",5,5,0,3,12,15,2,"11.8",NA,"11.8",NA,"25:00",NA,NA,NA,NA,NA,NA,NA,NA,NA,NA,NA,NA,NA,NA,NA,NA,NA,NA,NA
"92","kaberto01","2002-03","TOR",5,32,82,30,"20",6,4,1,2,20,15,1,"9.2",NA,"9.2",NA,"24:50",NA,NA,NA,NA,NA,NA,NA,NA,NA,NA,NA,NA,NA,NA,NA,NA,NA,NA,NA
"93","kaberto01","2003-04","BOS",6,32,71,18,"16",3,0,0,1,16,10,2,"3.4",NA,"3.4",NA,"23:12",NA,NA,NA,NA,NA,NA,NA,NA,NA,NA,NA,NA,NA,NA,NA,NA,NA,NA,NA
"94","kaberto01","2005-06","TOT",7,33,82,46,"-1",3,6,0,2,13,45,0,"5.5",NA,"5.5",NA,"28:10",NA,NA,NA,NA,NA,NA,NA,NA,NA,NA,NA,NA,NA,NA,NA,NA,NA,NA,NA
"95","kaberto01","2006-07","CAR",8,33,74,20,"3",9,2,0,1,18,28,1,"8.6",NA,"8.6",NA,"25:52",NA,NA,NA,NA,NA,NA,NA,NA,NA,NA,NA,NA,NA,NA,NA,NA,NA,NA,NA
"96","kaberto01","2007-08","MTL",9,33,82,22,"-8",2,6,0,1,21,24,0,"5.2",265,"5.2",265,"24:52",41,99,24,84,NA,NA,NA,NA,NA,NA,NA,NA,NA,NA,NA,NA,NA,NA,NA
"97","kaberto01","2008-09","MTL",10,34,57,8,"-8",1,3,0,1,11,16,0,"4.3",210,"4.3",210,"23:28",29,78,21,44,NA,NA,NA,NA,NA,NA,NA,NA,NA,NA,NA,NA,NA,NA,NA
"98","kanebo01","2003-04","PHI",1,30,7,7,"-4",0,0,0,0,0,0,0,"0.0",NA,"0.0",NA,"9:56",NA,NA,NA,NA,NA,NA,NA,NA,NA,NA,NA,NA,NA,NA,NA,NA,NA,NA,NA
"99","kanebo01","2005-06","WSH",2,31,5,2,"1",0,0,0,0,1,0,0,"0.0",NA,"0.0",NA,"4:04",NA,NA,NA,NA,NA,NA,NA,NA,NA,NA,NA,NA,NA,NA,NA,NA,NA,NA,NA
"100","kubinpa01","1997-98","TOR",1,30,10,22,"-1",1,0,0,0,2,0,0,"12.5",NA,"12.5",NA,"</td>",NA,NA,NA,NA,NA,NA,NA,NA,NA,NA,NA,NA,NA,NA,NA,NA,NA,NA,NA
"101","kubinpa01","1998-99","TOR",2,31,68,80,"-33",5,3,1,1,9,3,0,"7.6",NA,"7.6",NA,"22:47",NA,NA,NA,NA,NA,NA,NA,NA,NA,NA,NA,NA,NA,NA,NA,NA,NA,NA,NA
"102","kubinpa01","1999-00","ATL",3,32,69,93,"-19",2,6,0,3,9,9,0,"6.3",NA,"6.3",NA,"22:32",NA,NA,NA,NA,NA,NA,NA,NA,NA,NA,NA,NA,NA,NA,NA,NA,NA,NA,NA
"103","kubinpa01","2000-01","TBL",4,33,70,103,"-14",4,6,1,1,12,6,1,"8.6",NA,"8.6",NA,"24:06",NA,NA,NA,NA,NA,NA,NA,NA,NA,NA,NA,NA,NA,NA,NA,NA,NA,NA,NA
"104","kubinpa01","2001-02","TOT",5,34,82,106,"-22",4,5,2,3,10,13,0,"5.8",NA,"5.8",NA,"23:39",NA,NA,NA,NA,NA,NA,NA,NA,NA,NA,NA,NA,NA,NA,NA,NA,NA,NA,NA
"105","kubinpa01","2002-03","TBL",6,34,75,78,"-7",3,0,0,0,10,9,0,"2.2",NA,"2.2",NA,"21:24",NA,NA,NA,NA,NA,NA,NA,NA,NA,NA,NA,NA,NA,NA,NA,NA,NA,NA,NA
"106","kubinpa01","2003-04","PHI",7,34,81,85,"9",8,8,1,4,14,4,0,"11.1",NA,"11.1",NA,"21:09",NA,NA,NA,NA,NA,NA,NA,NA,NA,NA,NA,NA,NA,NA,NA,NA,NA,NA,NA
"107","kwiatjo01","2000-01","ATL",1,30,4,0,"1",1,0,0,0,0,0,0,"50.0",NA,"50.0",NA,"12:04",NA,NA,NA,NA,NA,NA,NA,NA,NA,NA,NA,NA,NA,NA,NA,NA,NA,NA,NA
"108","lacouda01","1998-99","CAR",1,31,3,0,"1",0,0,0,0,0,0,0,"</td",NA,"</td",NA,"6:30",NA,NA,NA,NA,NA,NA,NA,NA,NA,NA,NA,NA,NA,NA,NA,NA,NA,NA,NA
"109","letowtr01","1998-99","CAR",1,30,14,2,"1",2,0,0,0,2,0,0,"25.0",NA,"25.0",NA,"6:01",NA,NA,NA,NA,NA,NA,NA,NA,NA,NA,NA,NA,NA,NA,NA,NA,NA,NA,NA
"110","lydmato01","2000-01","BUF",1,30,62,30,"-7",2,1,0,0,8,7,1,"3.8",NA,"3.8",NA,"20:36",NA,NA,NA,NA,NA,NA,NA,NA,NA,NA,NA,NA,NA,NA,NA,NA,NA,NA,NA
"111","lydmato01","2001-02","BUF",2,31,79,52,"-8",5,1,0,0,13,9,0,"4.8",NA,"4.8",NA,"21:10",NA,NA,NA,NA,NA,NA,NA,NA,NA,NA,NA,NA,NA,NA,NA,NA,NA,NA,NA
"112","lydmato01","2002-03","BUF",3,32,81,28,"-7",3,3,0,0,11,8,1,"4.2",NA,"4.2",NA,"25:47",NA,NA,NA,NA,NA,NA,NA,NA,NA,NA,NA,NA,NA,NA,NA,NA,NA,NA,NA
"113","lydmato01","2003-04","ANA",4,33,67,30,"6",2,2,0,1,3,12,1,"4.3",NA,"4.3",NA,"21:13",NA,NA,NA,NA,NA,NA,NA,NA,NA,NA,NA,NA,NA,NA,NA,NA,NA,NA,NA
"114","lydmato01","2005-06","ANA",5,34,75,82,"9",1,0,0,0,13,3,0,"1.5",NA,"1.5",NA,"21:38",NA,NA,NA,NA,NA,NA,NA,NA,NA,NA,NA,NA,NA,NA,NA,NA,NA,NA,NA
"115","lydmato01","2006-07","ANA",6,35,67,55,"10",2,0,0,1,14,2,1,"4.5",NA,"4.5",NA,"20:36",NA,NA,NA,NA,NA,NA,NA,NA,NA,NA,NA,NA,NA,NA,NA,NA,NA,NA,NA
"116","macdocr01","1998-99","TBL",1,30,11,0,"0",0,0,0,0,0,0,0,"0.0",NA,"0.0",NA,"2:29",NA,NA,NA,NA,NA,NA,NA,NA,NA,NA,NA,NA,NA,NA,NA,NA,NA,NA,NA
"117","macdocr01","2001-02","CBJ",2,31,12,0,"-1",1,0,0,0,1,0,0,"6.7",NA,"6.7",NA,"10:11",NA,NA,NA,NA,NA,NA,NA,NA,NA,NA,NA,NA,NA,NA,NA,NA,NA,NA,NA
"118","mitchwi01","1999-00","VAN",1,30,2,0,"1",0,0,0,0,0,0,0,"0.0",NA,"0.0",NA,"16:04",NA,NA,NA,NA,NA,NA,NA,NA,NA,NA,NA,NA,NA,NA,NA,NA,NA,NA,NA
"119","mitchwi01","2000-01","LAK",4,33,17,11,"4",1,0,0,0,5,1,1,"6.3",NA,"6.3",NA,"20:49",NA,NA,NA,NA,NA,NA,NA,NA,NA,NA,NA,NA,NA,NA,NA,NA,NA,NA,NA
"120","mitchwi01","2000-01","VAN",2,31,33,40,"4",1,0,0,0,7,1,1,"3.3",NA,"3.3",NA,"17:56",NA,NA,NA,NA,NA,NA,NA,NA,NA,NA,NA,NA,NA,NA,NA,NA,NA,NA,NA
"121","mitchwi01","2000-01","VAN",3,32,16,29,"0",0,0,0,0,2,0,0,"0.0",NA,"0.0",NA,"14:52",NA,NA,NA,NA,NA,NA,NA,NA,NA,NA,NA,NA,NA,NA,NA,NA,NA,NA,NA
"122","mitchwi01","2001-02","LAK",5,34,68,68,"-16",3,0,0,1,8,2,0,"4.5",NA,"4.5",NA,"21:25",NA,NA,NA,NA,NA,NA,NA,NA,NA,NA,NA,NA,NA,NA,NA,NA,NA,NA,NA
"123","mitchwi01","2002-03","LAK",6,36,69,84,"13",1,0,1,1,12,0,0,"3.0",NA,"3.0",NA,"21:28",NA,NA,NA,NA,NA,NA,NA,NA,NA,NA,NA,NA,NA,NA,NA,NA,NA,NA,NA
"124","mitchwi01","2003-04","FLA",7,37,70,83,"12",1,0,0,0,9,2,2,"1.7",NA,"1.7",NA,"22:36",NA,NA,NA,NA,NA,NA,NA,NA,NA,NA,NA,NA,NA,NA,NA,NA,NA,NA,NA
"125","mitchwi01","2005-06","FLA",8,38,80,113,"19",2,0,0,0,8,0,0,"3.4",NA,"3.4",NA,"20:51",NA,NA,NA,NA,NA,NA,NA,NA,NA,NA,NA,NA,NA,NA,NA,NA,NA,NA,NA
"126","morride01","1997-98","PHX",1,29,82,88,"1",3,5,1,1,11,7,2,"7.5",NA,"7.5",NA,"</td>",NA,NA,NA,NA,NA,NA,NA,NA,NA,NA,NA,NA,NA,NA,NA,NA,NA,NA,NA
"127","morride01","1998-99","TOT",2,30,71,73,"4",4,3,0,2,20,7,0,"4.7",NA,"4.7",NA,"20:44",NA,NA,NA,NA,NA,NA,NA,NA,NA,NA,NA,NA,NA,NA,NA,NA,NA,NA,NA
"128","morride01","1999-00","PHX",3,30,78,80,"2",6,3,0,2,18,11,0,"4.7",NA,"4.7",NA,"24:51",NA,NA,NA,NA,NA,NA,NA,NA,NA,NA,NA,NA,NA,NA,NA,NA,NA,NA,NA
"129","morride01","2000-01","NYR",4,30,51,56,"-15",1,3,1,4,8,14,1,"3.5",NA,"3.5",NA,"25:51",NA,NA,NA,NA,NA,NA,NA,NA,NA,NA,NA,NA,NA,NA,NA,NA,NA,NA,NA
"130","morride01","2001-02","TOT",5,31,61,88,"-4",2,2,0,1,10,19,1,"2.4",NA,"2.4",NA,"24:40",NA,NA,NA,NA,NA,NA,NA,NA,NA,NA,NA,NA,NA,NA,NA,NA,NA,NA,NA
"131","morride01","2002-03","BOS",6,31,75,68,"16",2,9,0,7,18,19,0,"5.8",NA,"5.8",NA,"23:49",NA,NA,NA,NA,NA,NA,NA,NA,NA,NA,NA,NA,NA,NA,NA,NA,NA,NA,NA
"132","morride01","2003-04","PHX",7,31,83,49,"-1",4,2,0,1,15,11,0,"3.6",NA,"3.6",NA,"21:35",NA,NA,NA,NA,NA,NA,NA,NA,NA,NA,NA,NA,NA,NA,NA,NA,NA,NA,NA
"133","morride01","2003-04","PHX",8,32,69,47,"4",4,2,0,1,14,8,0,"4.3",NA,"4.3",NA,"20:53",NA,NA,NA,NA,NA,NA,NA,NA,NA,NA,NA,NA,NA,NA,NA,NA,NA,NA,NA
"134","morride01","2003-04","PHX",9,33,14,2,"-5",0,0,0,0,1,3,0,"0.0",NA,"0.0",NA,"25:02",NA,NA,NA,NA,NA,NA,NA,NA,NA,NA,NA,NA,NA,NA,NA,NA,NA,NA,NA
"135","morride01","2005-06","PHX",10,34,53,54,"-7",1,4,1,2,6,14,1,"6.6",NA,"6.6",NA,"20:52",NA,NA,NA,NA,NA,NA,NA,NA,NA,NA,NA,NA,NA,NA,NA,NA,NA,NA,NA
"136","morride01","2006-07","PHX",11,35,82,115,"-18",4,2,0,1,9,10,0,"4.7",NA,"4.7",NA,"20:29",NA,NA,NA,NA,NA,NA,NA,NA,NA,NA,NA,NA,NA,NA,NA,NA,NA,NA,NA
"137","nilsoma01","1998-99","CGY",1,29,8,5,"2",1,0,0,1,1,0,0,"14.3",NA,"14.3",NA,"12:24",NA,NA,NA,NA,NA,NA,NA,NA,NA,NA,NA,NA,NA,NA,NA,NA,NA,NA,NA
"138","pahlssa01","2000-01","ANA",1,30,76,20,"-14",2,1,1,1,5,0,0,"6.8",NA,"6.8",NA,"14:15",NA,NA,NA,NA,NA,NA,NA,NA,NA,NA,NA,NA,NA,NA,NA,NA,NA,NA,NA
"139","pahlssa01","2000-01","ANA",3,31,59,14,"-9",1,1,1,1,4,0,0,"6.5",NA,"6.5",NA,"14:14",NA,NA,NA,NA,NA,NA,NA,NA,NA,NA,NA,NA,NA,NA,NA,NA,NA,NA,NA
"140","pahlssa01","2000-01","TOT",2,31,17,6,"-5",1,0,0,0,1,0,0,"7.7",NA,"7.7",NA,"14:19",NA,NA,NA,NA,NA,NA,NA,NA,NA,NA,NA,NA,NA,NA,NA,NA,NA,NA,NA
"141","pahlssa01","2001-02","CHI",4,31,80,26,"-16",4,1,1,0,12,2,0,"6.1",NA,"6.1",NA,"16:24",NA,NA,NA,NA,NA,NA,NA,NA,NA,NA,NA,NA,NA,NA,NA,NA,NA,NA,NA
"142","pahlssa01","2002-03","CBJ",5,32,34,18,"10",3,0,1,2,10,0,1,"14.3",NA,"14.3",NA,"13:20",NA,NA,NA,NA,NA,NA,NA,NA,NA,NA,NA,NA,NA,NA,NA,NA,NA,NA,NA
"143","pahlssa01","2003-04","CBJ",6,33,82,52,"-2",7,1,0,2,12,0,2,"6.0",NA,"6.0",NA,"16:51",NA,NA,NA,NA,NA,NA,NA,NA,NA,NA,NA,NA,NA,NA,NA,NA,NA,NA,NA
"144","pahlssa01","2005-06","TOT",7,34,82,34,"-1",8,0,3,1,8,1,1,"9.5",NA,"9.5",NA,"16:30",NA,NA,NA,NA,NA,NA,NA,NA,NA,NA,NA,NA,NA,NA,NA,NA,NA,NA,NA
"145","pahlssa01","2006-07","CBJ",8,34,82,42,"-4",8,0,0,1,18,0,0,"7.2",NA,"7.2",NA,"17:22",NA,NA,NA,NA,NA,NA,NA,NA,NA,NA,NA,NA,NA,NA,NA,NA,NA,NA,NA
"146","pahlssa01","2007-08","VAN",9,34,56,34,"-2",3,0,3,3,8,1,0,"6.4",152,"6.4",152,"18:46",114,24,33,22,NA,NA,NA,NA,NA,NA,NA,NA,NA,NA,NA,NA,NA,NA,NA
"147","parkesc01","1998-99","COL",1,30,27,71,"-3",0,0,0,0,0,0,0,"0.0",NA,"0.0",NA,"1:37",NA,NA,NA,NA,NA,NA,NA,NA,NA,NA,NA,NA,NA,NA,NA,NA,NA,NA,NA
"148","parrima01","1998-99","MIN",1,30,73,25,"-6",19,5,0,5,9,4,0,"18.6",NA,"18.6",NA,"13:59",NA,NA,NA,NA,NA,NA,NA,NA,NA,NA,NA,NA,NA,NA,NA,NA,NA,NA,NA
"149","parrima01","1999-00","DAL",2,31,81,39,"1",20,6,0,3,15,3,0,"17.1",NA,"17.1",NA,"14:04",NA,NA,NA,NA,NA,NA,NA,NA,NA,NA,NA,NA,NA,NA,NA,NA,NA,NA,NA
"150","parrima01","2000-01","TBL",3,32,70,28,"-27",11,6,0,3,9,4,0,"13.8",NA,"13.8",NA,"15:27",NA,NA,NA,NA,NA,NA,NA,NA,NA,NA,NA,NA,NA,NA,NA,NA,NA,NA,NA
"151","parrima01","2001-02","BUF",4,33,78,32,"10",20,9,1,6,18,9,3,"18.5",NA,"18.5",NA,"16:48",NA,NA,NA,NA,NA,NA,NA,NA,NA,NA,NA,NA,NA,NA,NA,NA,NA,NA,NA
"152","phillch02","1997-98","OTT",1,29,72,38,"2",3,2,0,2,5,6,0,"4.7",NA,"4.7",NA,"</td>",NA,NA,NA,NA,NA,NA,NA,NA,NA,NA,NA,NA,NA,NA,NA,NA,NA,NA,NA
"153","phillch02","1998-99","OTT",2,30,34,32,"-5",1,2,0,0,2,1,0,"5.9",NA,"5.9",NA,"18:06",NA,NA,NA,NA,NA,NA,NA,NA,NA,NA,NA,NA,NA,NA,NA,NA,NA,NA,NA
"154","phillch02","1999-00","OTT",3,31,65,39,"12",5,0,0,1,11,2,1,"5.2",NA,"5.2",NA,"16:50",NA,NA,NA,NA,NA,NA,NA,NA,NA,NA,NA,NA,NA,NA,NA,NA,NA,NA,NA
"155","phillch02","2000-01","OTT",4,32,73,31,"8",0,2,0,0,8,4,0,"2.6",NA,"2.6",NA,"21:28",NA,NA,NA,NA,NA,NA,NA,NA,NA,NA,NA,NA,NA,NA,NA,NA,NA,NA,NA
"156","phillch02","2001-02","OTT",5,33,63,29,"5",5,1,0,1,9,7,0,"5.8",NA,"5.8",NA,"19:31",NA,NA,NA,NA,NA,NA,NA,NA,NA,NA,NA,NA,NA,NA,NA,NA,NA,NA,NA
"157","phillch02","2002-03","OTT",6,34,78,71,"7",1,2,0,1,13,3,0,"3.1",NA,"3.1",NA,"20:13",NA,NA,NA,NA,NA,NA,NA,NA,NA,NA,NA,NA,NA,NA,NA,NA,NA,NA,NA
"158","phillch02","2003-04","OTT",7,35,82,46,"15",7,0,0,1,13,3,0,"7.5",NA,"7.5",NA,"20:50",NA,NA,NA,NA,NA,NA,NA,NA,NA,NA,NA,NA,NA,NA,NA,NA,NA,NA,NA
"159","phillch02","2005-06","OTT",8,36,69,90,"19",1,0,0,0,11,1,6,"1.3",NA,"1.3",NA,"20:52",NA,NA,NA,NA,NA,NA,NA,NA,NA,NA,NA,NA,NA,NA,NA,NA,NA,NA,NA
"160","pisanfe01","2002-03","EDM",1,31,35,10,"9",7,0,1,0,5,0,0,"25.0",NA,"25.0",NA,"10:43",NA,NA,NA,NA,NA,NA,NA,NA,NA,NA,NA,NA,NA,NA,NA,NA,NA,NA,NA
"161","pisanfe01","2003-04","EDM",2,32,76,46,"14",11,4,1,1,14,0,0,"16.2",NA,"16.2",NA,"12:46",NA,NA,NA,NA,NA,NA,NA,NA,NA,NA,NA,NA,NA,NA,NA,NA,NA,NA,NA
"162","pisanfe01","2005-06","EDM",3,33,80,42,"5",13,4,1,2,14,5,0,"13.7",NA,"13.7",NA,"13:51",NA,NA,NA,NA,NA,NA,NA,NA,NA,NA,NA,NA,NA,NA,NA,NA,NA,NA,NA
"163","pisanfe01","2006-07","CHI",4,34,77,40,"-1",11,2,1,0,11,2,1,"9.9",NA,"9.9",NA,"16:54",NA,NA,NA,NA,NA,NA,NA,NA,NA,NA,NA,NA,NA,NA,NA,NA,NA,NA,NA
"164","potito01","1998-99","WSH",1,30,73,42,"10",3,2,0,3,9,7,0,"5.3",NA,"5.3",NA,"19:33",NA,NA,NA,NA,NA,NA,NA,NA,NA,NA,NA,NA,NA,NA,NA,NA,NA,NA,NA
"165","potito01","1999-00","WSH",2,31,76,65,"8",6,2,1,1,15,11,0,"7.2",NA,"7.2",NA,"24:10",NA,NA,NA,NA,NA,NA,NA,NA,NA,NA,NA,NA,NA,NA,NA,NA,NA,NA,NA
"166","potito01","2000-01","WSH",3,32,81,60,"-4",6,6,0,3,7,12,1,"7.5",NA,"7.5",NA,"22:44",NA,NA,NA,NA,NA,NA,NA,NA,NA,NA,NA,NA,NA,NA,NA,NA,NA,NA,NA
"167","potito01","2001-02","WSH",4,33,66,44,"-10",0,2,0,1,11,10,2,"1.8",NA,"1.8",NA,"24:04",NA,NA,NA,NA,NA,NA,NA,NA,NA,NA,NA,NA,NA,NA,NA,NA,NA,NA,NA
"168","potito01","2001-02","WSH",5,35,55,42,"-6",0,1,0,0,7,7,2,"1.0",NA,"1.0",NA,"24:32",NA,NA,NA,NA,NA,NA,NA,NA,NA,NA,NA,NA,NA,NA,NA,NA,NA,NA,NA
"169","reasoma01","1998-99","EDM",1,30,22,8,"2",2,1,0,0,3,4,0,"9.1",NA,"9.1",NA,"13:55",NA,NA,NA,NA,NA,NA,NA,NA,NA,NA,NA,NA,NA,NA,NA,NA,NA,NA,NA
"170","reasoma01","1999-00","ATL",2,31,32,20,"9",7,3,0,0,9,5,0,"19.6",NA,"19.6",NA,"15:20",NA,NA,NA,NA,NA,NA,NA,NA,NA,NA,NA,NA,NA,NA,NA,NA,NA,NA,NA
"171","reasoma01","2000-01","ATL",3,32,41,14,"-5",4,0,0,0,2,6,1,"6.2",NA,"6.2",NA,"14:00",NA,NA,NA,NA,NA,NA,NA,NA,NA,NA,NA,NA,NA,NA,NA,NA,NA,NA,NA
"172","reasoma01","2001-02","FLA",4,33,52,41,"0",3,3,0,2,4,1,0,"9.1",NA,"9.1",NA,"11:44",NA,NA,NA,NA,NA,NA,NA,NA,NA,NA,NA,NA,NA,NA,NA,NA,NA,NA,NA
"173","reasoma01","2002-03","NYI",5,34,70,28,"19",7,2,2,0,15,3,2,"10.8",NA,"10.8",NA,"14:50",NA,NA,NA,NA,NA,NA,NA,NA,NA,NA,NA,NA,NA,NA,NA,NA,NA,NA,NA
"174","reasoma01","2003-04","NYI",6,35,17,10,"5",2,0,0,0,4,1,1,"7.1",NA,"7.1",NA,"16:30",NA,NA,NA,NA,NA,NA,NA,NA,NA,NA,NA,NA,NA,NA,NA,NA,NA,NA,NA
"175","rozsimi01","1999-00","NYR",1,29,75,48,"11",3,1,0,1,17,0,0,"5.5",NA,"5.5",NA,"19:01",NA,NA,NA,NA,NA,NA,NA,NA,NA,NA,NA,NA,NA,NA,NA,NA,NA,NA,NA
"176","rozsimi01","2000-01","NYR",2,30,30,26,"3",1,0,0,0,3,1,0,"5.9",NA,"5.9",NA,"17:06",NA,NA,NA,NA,NA,NA,NA,NA,NA,NA,NA,NA,NA,NA,NA,NA,NA,NA,NA
"177","rozsimi01","2001-02","NYR",3,31,79,47,"-6",5,4,0,4,13,7,0,"10.1",NA,"10.1",NA,"20:01",NA,NA,NA,NA,NA,NA,NA,NA,NA,NA,NA,NA,NA,NA,NA,NA,NA,NA,NA
"178","rozsimi01","2002-03","TOT",4,32,53,40,"-5",3,1,0,0,3,3,0,"6.6",NA,"6.6",NA,"20:25",NA,NA,NA,NA,NA,NA,NA,NA,NA,NA,NA,NA,NA,NA,NA,NA,NA,NA,NA
"179","rozsimi01","2005-06","NYR",5,32,82,90,"<str",2,3,0,3,16,8,1,"4.3",NA,"4.3",NA,"22:27",NA,NA,NA,NA,NA,NA,NA,NA,NA,NA,NA,NA,NA,NA,NA,NA,NA,NA,NA
"180","rozsimi01","2006-07","PHX",6,32,80,52,"10",3,7,0,3,15,13,2,"9.6",NA,"9.6",NA,"23:46",NA,NA,NA,NA,NA,NA,NA,NA,NA,NA,NA,NA,NA,NA,NA,NA,NA,NA,NA
"181","rozsimi01","2007-08","PHX",7,33,80,80,"0",5,6,2,0,13,12,0,"10.2",269,"10.2",269,"24:33",93,129,58,55,NA,NA,NA,NA,NA,NA,NA,NA,NA,NA,NA,NA,NA,NA,NA
"182","rozsimi01","2008-09","CHI",8,34,76,52,"-7",5,3,0,2,9,11,2,"6.7",277,"6.7",277,"22:31",90,113,37,32,NA,NA,NA,NA,NA,NA,NA,NA,NA,NA,NA,NA,NA,NA,NA
"183","rozsimi01","2009-10","CHI",9,35,82,78,"3",2,1,0,1,16,3,1,"3.8",179,"3.8",179,"21:26",136,130,34,28,NA,NA,NA,NA,NA,NA,NA,NA,NA,NA,NA,NA,NA,NA,NA
"184","rozsimi01","2010-11","CHI",10,36,65,42,"6",4,2,0,3,9,6,0,"10.9",136,"10.9",136,"21:00",100,108,24,24,NA,NA,NA,NA,NA,NA,NA,NA,NA,NA,NA,NA,NA,NA,NA
"185","rozsimi01","2010-11","CHI",11,37,32,22,"3",3,0,0,1,6,6,0,"12.5",79,"12.5",79,"22:03",45,47,16,13,NA,NA,NA,NA,NA,NA,NA,NA,NA,NA,NA,NA,NA,NA,NA
"186","rozsimi01","2010-11","CHI",12,38,33,20,"3",1,2,0,2,3,0,0,"9.7",57,"9.7",57,"19:59",55,61,8,11,NA,NA,NA,NA,NA,NA,NA,NA,NA,NA,NA,NA,NA,NA,NA
"187","saleiru01","1996-97","TOT",1,33,30,37,"-8",0,0,0,0,1,0,0,"0.0",NA,"0.0",NA,"</td>",NA,NA,NA,NA,NA,NA,NA,NA,NA,NA,NA,NA,NA,NA,NA,NA,NA,NA,NA
"188","saleiru01","1997-98","FLA",2,33,66,70,"7",4,1,0,0,6,4,0,"4.8",NA,"4.8",NA,"</td>",NA,NA,NA,NA,NA,NA,NA,NA,NA,NA,NA,NA,NA,NA,NA,NA,NA,NA,NA
"189","saleiru01","1998-99","COL",3,33,74,65,"1",1,1,0,0,6,8,0,"1.6",NA,"1.6",NA,"22:03",NA,NA,NA,NA,NA,NA,NA,NA,NA,NA,NA,NA,NA,NA,NA,NA,NA,NA,NA
"190","saleiru01","1999-00","COL",4,34,71,94,"3",4,1,0,0,3,2,0,"4.3",NA,"4.3",NA,"20:21",NA,NA,NA,NA,NA,NA,NA,NA,NA,NA,NA,NA,NA,NA,NA,NA,NA,NA,NA
"191","saleiru01","2000-01","COL",5,35,50,70,"-14",1,0,0,0,5,0,0,"1.4",NA,"1.4",NA,"20:40",NA,NA,NA,NA,NA,NA,NA,NA,NA,NA,NA,NA,NA,NA,NA,NA,NA,NA,NA
"192","saleiru01","2001-02","DET",6,36,82,97,"-10",4,0,0,1,6,1,0,"4.2",NA,"4.2",NA,"21:25",NA,NA,NA,NA,NA,NA,NA,NA,NA,NA,NA,NA,NA,NA,NA,NA,NA,NA,NA
"193","salosa01","1998-99","VAN",1,33,61,24,"20",5,2,0,1,6,6,0,"6.6",NA,"6.6",NA,"19:42",NA,NA,NA,NA,NA,NA,NA,NA,NA,NA,NA,NA,NA,NA,NA,NA,NA,NA,NA
"194","salosa01","1999-00","VAN",2,34,37,2,"6",3,3,0,1,6,2,0,"7.1",NA,"7.1",NA,"20:18",NA,NA,NA,NA,NA,NA,NA,NA,NA,NA,NA,NA,NA,NA,NA,NA,NA,NA,NA
"195","salosa01","2000-01","VAN",3,35,31,10,"9",1,1,0,0,5,11,0,"3.3",NA,"3.3",NA,"19:44",NA,NA,NA,NA,NA,NA,NA,NA,NA,NA,NA,NA,NA,NA,NA,NA,NA,NA,NA
"196","salosa01","2001-02","VAN",4,36,66,14,"1",2,1,1,2,9,5,0,"3.3",NA,"3.3",NA,"19:52",NA,NA,NA,NA,NA,NA,NA,NA,NA,NA,NA,NA,NA,NA,NA,NA,NA,NA,NA
"197","salosa01","2002-03","VAN",5,37,79,10,"9",5,4,0,1,12,5,4,"7.1",NA,"7.1",NA,"20:08",NA,NA,NA,NA,NA,NA,NA,NA,NA,NA,NA,NA,NA,NA,NA,NA,NA,NA,NA
"198","salosa01","2003-04","TBL",6,38,74,22,"8",2,5,0,2,8,10,1,"4.9",NA,"4.9",NA,"22:14",NA,NA,NA,NA,NA,NA,NA,NA,NA,NA,NA,NA,NA,NA,NA,NA,NA,NA,NA
"199","salosa01","2005-06","TBL",7,39,59,38,"9",1,9,0,2,11,11,1,"7.1",NA,"7.1",NA,"24:30",NA,NA,NA,NA,NA,NA,NA,NA,NA,NA,NA,NA,NA,NA,NA,NA,NA,NA,NA
"200","saricco01","1998-99","CGY",1,29,4,0,"3",0,0,0,0,0,0,0,"0.0",NA,"0.0",NA,"13:11",NA,NA,NA,NA,NA,NA,NA,NA,NA,NA,NA,NA,NA,NA,NA,NA,NA,NA,NA
"201","saricco01","1999-00","CGY",2,30,59,77,"-6",0,0,0,0,4,1,1,"0.0",NA,"0.0",NA,"18:34",NA,NA,NA,NA,NA,NA,NA,NA,NA,NA,NA,NA,NA,NA,NA,NA,NA,NA,NA
"202","saricco01","1999-00","CGY",3,31,42,35,"2",0,0,0,0,3,1,0,"0.0",NA,"0.0",NA,"17:42",NA,NA,NA,NA,NA,NA,NA,NA,NA,NA,NA,NA,NA,NA,NA,NA,NA,NA,NA
"203","saricco01","1999-00","CGY",4,32,17,42,"-8",0,0,0,0,1,0,1,"0.0",NA,"0.0",NA,"20:42",NA,NA,NA,NA,NA,NA,NA,NA,NA,NA,NA,NA,NA,NA,NA,NA,NA,NA,NA
"204","saricco01","2000-01","CGY",5,33,73,106,"-25",1,0,0,1,7,0,1,"1.5",NA,"1.5",NA,"18:44",NA,NA,NA,NA,NA,NA,NA,NA,NA,NA,NA,NA,NA,NA,NA,NA,NA,NA,NA
"205","saricco01","2001-02","CGY",6,34,72,105,"-4",0,0,0,0,10,0,1,"0.0",NA,"0.0",NA,"16:06",NA,NA,NA,NA,NA,NA,NA,NA,NA,NA,NA,NA,NA,NA,NA,NA,NA,NA,NA
"206","saricco01","2002-03","COL",7,35,82,63,"-3",5,0,0,2,7,0,2,"6.3",NA,"6.3",NA,"19:36",NA,NA,NA,NA,NA,NA,NA,NA,NA,NA,NA,NA,NA,NA,NA,NA,NA,NA,NA
"207","simjo01","1998-99","NYI",1,30,7,12,"1",1,0,0,0,0,0,0,"12.5",NA,"12.5",NA,"11:26",NA,NA,NA,NA,NA,NA,NA,NA,NA,NA,NA,NA,NA,NA,NA,NA,NA,NA,NA
"208","simjo01","1999-00","NYI",2,31,25,10,"4",3,2,0,1,3,0,0,"11.4",NA,"11.4",NA,"10:51",NA,NA,NA,NA,NA,NA,NA,NA,NA,NA,NA,NA,NA,NA,NA,NA,NA,NA,NA
"209","simjo01","2000-01","NYI",3,32,15,6,"-2",0,0,0,0,2,1,0,"0.0",NA,"0.0",NA,"8:47",NA,NA,NA,NA,NA,NA,NA,NA,NA,NA,NA,NA,NA,NA,NA,NA,NA,NA,NA
"210","simjo01","2001-02","NYI",4,33,26,10,"-3",2,1,0,0,0,0,0,"7.0",NA,"7.0",NA,"9:30",NA,NA,NA,NA,NA,NA,NA,NA,NA,NA,NA,NA,NA,NA,NA,NA,NA,NA,NA
"211","sturmma01","1997-98","BOS",1,29,74,40,"-2",8,2,0,3,16,4,0,"8.5",NA,"8.5",NA,"</td>",NA,NA,NA,NA,NA,NA,NA,NA,NA,NA,NA,NA,NA,NA,NA,NA,NA,NA,NA
"212","sturmma01","1998-99","BOS",2,30,78,52,"7",11,3,2,3,12,8,2,"11.4",NA,"11.4",NA,"15:23",NA,NA,NA,NA,NA,NA,NA,NA,NA,NA,NA,NA,NA,NA,NA,NA,NA,NA,NA
"213","sturmma01","1999-00","BOS",3,31,74,22,"4",6,2,4,3,14,0,1,"10.0",NA,"10.0",NA,"14:07",NA,NA,NA,NA,NA,NA,NA,NA,NA,NA,NA,NA,NA,NA,NA,NA,NA,NA,NA
"214","sturmma01","2000-01","TOT",4,32,81,28,"9",9,2,3,5,16,2,0,"9.2",NA,"9.2",NA,"16:06",NA,NA,NA,NA,NA,NA,NA,NA,NA,NA,NA,NA,NA,NA,NA,NA,NA,NA,NA
"215","sturmma01","2001-02","LAK",5,32,77,32,"23",14,4,3,5,18,2,0,"12.1",NA,"12.1",NA,"15:39",NA,NA,NA,NA,NA,NA,NA,NA,NA,NA,NA,NA,NA,NA,NA,NA,NA,NA,NA
"216","sturmma01","2002-03","WSH",6,32,82,16,"9",22,6,0,2,12,8,0,"13.5",NA,"13.5",NA,"16:31",NA,NA,NA,NA,NA,NA,NA,NA,NA,NA,NA,NA,NA,NA,NA,NA,NA,NA,NA
"217","sturmma01","2003-04","TOT",7,33,64,36,"0",9,10,2,6,12,8,0,"13.3",NA,"13.3",NA,"16:25",NA,NA,NA,NA,NA,NA,NA,NA,NA,NA,NA,NA,NA,NA,NA,NA,NA,NA,NA
"218","sturmma01","2005-06","FLA",9,33,23,16,"-8",3,3,0,0,4,5,1,"12.5",NA,"12.5",NA,"17:28",NA,NA,NA,NA,NA,NA,NA,NA,NA,NA,NA,NA,NA,NA,NA,NA,NA,NA,NA
"219","sturmma01","2005-06","VAN",8,33,74,48,"6",21,8,0,6,19,9,2,"16.1",NA,"16.1",NA,"18:21",NA,NA,NA,NA,NA,NA,NA,NA,NA,NA,NA,NA,NA,NA,NA,NA,NA,NA,NA
"220","whiteco01","1999-00","NJD",1,30,21,40,"3",2,0,0,1,1,0,0,"6.9",NA,"6.9",NA,"14:45",NA,NA,NA,NA,NA,NA,NA,NA,NA,NA,NA,NA,NA,NA,NA,NA,NA,NA,NA
"221","whiteco01","2000-01","NJD",2,31,82,155,"32",1,0,0,1,13,4,2,"0.9",NA,"0.9",NA,"19:06",NA,NA,NA,NA,NA,NA,NA,NA,NA,NA,NA,NA,NA,NA,NA,NA,NA,NA,NA
"222","whiteco01","2001-02","NJD",3,32,73,133,"6",2,0,0,0,3,0,0,"2.5",NA,"2.5",NA,"20:06",NA,NA,NA,NA,NA,NA,NA,NA,NA,NA,NA,NA,NA,NA,NA,NA,NA,NA,NA
"223","whiteco01","2002-03","NJD",4,33,72,98,"19",5,0,0,1,7,1,0,"6.2",NA,"6.2",NA,"19:41",NA,NA,NA,NA,NA,NA,NA,NA,NA,NA,NA,NA,NA,NA,NA,NA,NA,NA,NA
"224","whiteco01","2003-04","SJS",5,34,75,96,"10",2,0,0,0,10,1,0,"3.3",NA,"3.3",NA,"21:02",NA,NA,NA,NA,NA,NA,NA,NA,NA,NA,NA,NA,NA,NA,NA,NA,NA,NA,NA
"225","whitftr01","2000-01","STL",1,31,61,35,"3",2,0,0,0,4,0,0,"4.3",NA,"4.3",NA,"9:39",NA,NA,NA,NA,NA,NA,NA,NA,NA,NA,NA,NA,NA,NA,NA,NA,NA,NA,NA
"226","whitftr01","2001-02","BOS",2,32,25,28,"-2",0,0,0,0,1,0,0,"0.0",NA,"0.0",NA,"7:19",NA,NA,NA,NA,NA,NA,NA,NA,NA,NA,NA,NA,NA,NA,NA,NA,NA,NA,NA
"227","whitftr01","2001-02","BOS",3,34,24,28,"-3",0,0,0,0,1,0,0,"0.0",NA,"0.0",NA,"7:06",NA,NA,NA,NA,NA,NA,NA,NA,NA,NA,NA,NA,NA,NA,NA,NA,NA,NA,NA
"228","willsbr01","1999-00","LAK",1,29,1,0,"0",0,0,0,0,0,0,0,"0.0",NA,"0.0",NA,"8:16",NA,NA,NA,NA,NA,NA,NA,NA,NA,NA,NA,NA,NA,NA,NA,NA,NA,NA,NA
"229","willsbr01","2001-02","COL",2,30,56,14,"4",5,2,0,1,6,1,0,"10.6",NA,"10.6",NA,"11:24",NA,NA,NA,NA,NA,NA,NA,NA,NA,NA,NA,NA,NA,NA,NA,NA,NA,NA,NA
"230","willsbr01","2002-03","COL",3,31,12,15,"0",0,0,0,0,1,0,0,"0.0",NA,"0.0",NA,"9:36",NA,NA,NA,NA,NA,NA,NA,NA,NA,NA,NA,NA,NA,NA,NA,NA,NA,NA,NA
"231","willsbr01","2003-04","WSH",4,32,49,18,"-7",8,1,1,1,4,1,0,"11.8",NA,"11.8",NA,"12:42",NA,NA,NA,NA,NA,NA,NA,NA,NA,NA,NA,NA,NA,NA,NA,NA,NA,NA,NA
"232","zubruda01","1996-97","NJD",1,29,68,22,"3",7,1,0,2,11,2,0,"11.3",NA,"11.3",NA,"</td>",NA,NA,NA,NA,NA,NA,NA,NA,NA,NA,NA,NA,NA,NA,NA,NA,NA,NA,NA
"233","zubruda01","1997-98","NJD",2,30,69,42,"29",7,1,0,5,22,3,0,"7.9",NA,"7.9",NA,"</td>",NA,NA,NA,NA,NA,NA,NA,NA,NA,NA,NA,NA,NA,NA,NA,NA,NA,NA,NA
"234","zubruda01","1998-99","NJD",5,33,17,4,"-3",3,0,0,1,4,1,0,"9.7",NA,"9.7",NA,"16:53",NA,NA,NA,NA,NA,NA,NA,NA,NA,NA,NA,NA,NA,NA,NA,NA,NA,NA,NA
"235","zubruda01","1998-99","NJD",3,31,80,29,"-8",5,0,1,1,9,1,0,"7.5",NA,"7.5",NA,"12:15",NA,NA,NA,NA,NA,NA,NA,NA,NA,NA,NA,NA,NA,NA,NA,NA,NA,NA,NA
"236","zubruda01","1998-99","NJD",4,32,63,25,"-5",2,0,1,0,5,0,0,"6.1",NA,"6.1",NA,"11:00",NA,NA,NA,NA,NA,NA,NA,NA,NA,NA,NA,NA,NA,NA,NA,NA,NA,NA,NA
"237","zubruda01","1999-00","NJD",6,34,73,54,"-1",11,3,0,1,22,6,0,"10.1",NA,"10.1",NA,"17:37",NA,NA,NA,NA,NA,NA,NA,NA,NA,NA,NA,NA,NA,NA,NA,NA,NA,NA,NA
"238","zubruda01","2000-01","NJD",7,35,61,37,"-11",9,4,0,0,9,4,0,"15.7",NA,"15.7",NA,"17:26",NA,NA,NA,NA,NA,NA,NA,NA,NA,NA,NA,NA,NA,NA,NA,NA,NA,NA,NA
"239","zubruda01","2000-01","NJD",8,36,49,30,"-7",9,3,0,0,8,4,0,"17.1",NA,"17.1",NA,"18:30",NA,NA,NA,NA,NA,NA,NA,NA,NA,NA,NA,NA,NA,NA,NA,NA,NA,NA,NA
"240","zubruda01","2000-01","SJS",9,37,12,7,"-4",0,1,0,0,1,0,0,"7.7",NA,"7.7",NA,"13:05",NA,NA,NA,NA,NA,NA,NA,NA,NA,NA,NA,NA,NA,NA,NA,NA,NA,NA,NA
"241","zyuzian01","1997-98","CHI",1,30,56,66,"8",4,2,0,2,5,2,0,"8.3",NA,"8.3",NA,"</td>",NA,NA,NA,NA,NA,NA,NA,NA,NA,NA,NA,NA,NA,NA,NA,NA,NA,NA,NA
