,gm_result,age,ith_game,team_for,team_agt,date_game,gm_loc,goals_all,assists_all,plus_minus,pen_min,goals_ev,goals_pp,goals_sh,assists_pp,assists_ev,assists_sh,num_shifts,time_on_ice,hits_all,blocks_all,fc_win,fc_loss,Year,Name,Url,Height,Weight,ShotHand,Position,Drafts,draft_years
0,L,21.12,1,STL,MIN,2017-01-26,Away,0,0,0,0,0,0,0,0,0,0,14,10.05,4,2,1,3,2017.0,Ivan Barbashev,b/barbaiv01,183.0,180.0,a,C,33.0,2014.0
0,L,21.03,1,CAR,CBJ,2017-01-17,Away,,,,2,,,,,,,,29.95,,,,,2017.0,Alex Nedeljkovic,n/nedelal01,180.0,190.0,a,G,37.0,2014.0
0,W,20.87,1,OTT,FLA,2016-12-03,Home,0,0,0,0,0,0,0,0,0,0,16,9.82,7,0,0,0,2017.0,Andreas Englund,e/engluan01,190.0,189.0,L,D,40.0,2014.0
1,L,20.87,2,OTT,PIT,2016-12-05,Away,0,0,0,2,0,0,0,0,0,0,15,8.33,2,0,0,0,2017.0,Andreas Englund,e/engluan01,190.0,189.0,L,D,40.0,2014.0
2,W,20.88,3,OTT,SJS,2016-12-07,Away,0,0,1,0,0,0,0,0,0,0,8,4.7,1,0,0,0,2017.0,Andreas Englund,e/engluan01,190.0,189.0,L,D,40.0,2014.0
3,L,20.89,4,OTT,ANA,2016-12-11,Away,0,0,-1,0,0,0,0,0,0,0,25,16.97,6,0,0,0,2017.0,Andreas Englund,e/engluan01,190.0,189.0,L,D,40.0,2014.0
0,L,20.4,1,NSH,FLA,2017-01-06,Away,0,0,-1,2,0,0,0,0,0,0,14,10.35,1,0,2,6,2017.0,Vladislav Kamenev,k/kamenvl01,188.0,203.0,L,L,42.0,2014.0
1,L,20.41,2,NSH,CHI,2017-01-08,Away,0,0,0,0,0,0,0,0,0,0,13,9.77,0,1,4,1,2017.0,Vladislav Kamenev,k/kamenvl01,188.0,203.0,L,L,42.0,2014.0
0,W,22.72,1,ANA,CGY,2016-12-29,Away,0,0,0,2,0,0,0,0,0,0,21,17.9,0,1,0,0,2017.0,Brandon Montour,m/montobr01,180.0,172.0,R,D,55.0,2014.0
1,L,22.72,2,ANA,VAN,2016-12-30,Away,0,0,0,0,0,0,0,0,0,0,13,10.1,0,0,0,0,2017.0,Brandon Montour,m/montobr01,180.0,172.0,R,D,55.0,2014.0
2,W,22.73,3,ANA,DET,2017-01-04,Home,0,0,1,0,0,0,0,0,0,0,18,15.67,0,0,0,0,2017.0,Brandon Montour,m/montobr01,180.0,172.0,R,D,55.0,2014.0
3,W,22.74,4,ANA,ARI,2017-01-06,Home,0,0,0,0,0,0,0,0,0,0,18,16.22,0,0,0,0,2017.0,Brandon Montour,m/montobr01,180.0,172.0,R,D,55.0,2014.0
4,L,22.75,5,ANA,MIN,2017-01-08,Home,0,0,0,0,0,0,0,0,0,0,18,15.77,1,2,0,0,2017.0,Brandon Montour,m/montobr01,180.0,172.0,R,D,55.0,2014.0
0,W,20.7,1,ARI,PHI,2016-10-15,Home,0,1,0,0,0,0,0,1,0,0,17,16.28,3,0,6,8,2017.0,Christian Dvorak,d/dvorach01,183.0,178.0,a,L,58.0,2014.0
1,L,20.72,2,ARI,MTL,2016-10-20,Away,0,0,1,0,0,0,0,0,0,0,22,18.72,0,2,4,10,2017.0,Christian Dvorak,d/dvorach01,183.0,178.0,a,L,58.0,2014.0
2,L,20.72,3,ARI,NYI,2016-10-21,Away,0,0,-1,2,0,0,0,0,0,0,21,15.17,2,2,7,4,2017.0,Christian Dvorak,d/dvorach01,183.0,178.0,a,L,58.0,2014.0
3,L,20.72,4,ARI,NYR,2016-10-23,Away,0,1,1,0,0,0,0,0,1,0,18,18.92,0,2,4,8,2017.0,Christian Dvorak,d/dvorach01,183.0,178.0,a,L,58.0,2014.0
4,L,20.73,5,ARI,NJD,2016-10-25,Away,0,0,0,0,0,0,0,0,0,0,13,10.72,0,0,4,4,2017.0,Christian Dvorak,d/dvorach01,183.0,178.0,a,L,58.0,2014.0
5,W,20.73,6,ARI,PHI,2016-10-27,Away,0,1,0,0,0,0,0,0,1,0,14,8.02,0,1,2,2,2017.0,Christian Dvorak,d/dvorach01,183.0,178.0,a,L,58.0,2014.0
6,L,20.74,7,ARI,COL,2016-10-29,Home,0,0,0,0,0,0,0,0,0,0,10,8.4,1,1,3,3,2017.0,Christian Dvorak,d/dvorach01,183.0,178.0,a,L,58.0,2014.0
7,W,20.75,8,ARI,NSH,2016-11-03,Home,1,0,1,0,1,0,0,0,0,0,19,15.33,0,1,8,3,2017.0,Christian Dvorak,d/dvorach01,183.0,178.0,a,L,58.0,2014.0
8,L,20.76,9,ARI,ANA,2016-11-04,Away,0,1,-1,0,0,0,0,0,1,0,23,16.38,0,0,5,11,2017.0,Christian Dvorak,d/dvorach01,183.0,178.0,a,L,58.0,2014.0
9,W,20.77,10,ARI,COL,2016-11-08,Away,0,0,2,0,0,0,0,0,0,0,19,15.7,0,0,8,6,2017.0,Christian Dvorak,d/dvorach01,183.0,178.0,a,L,58.0,2014.0
10,L,20.77,11,ARI,WPG,2016-11-10,Home,0,0,-1,0,0,0,0,0,0,0,18,17.32,2,2,8,7,2017.0,Christian Dvorak,d/dvorach01,183.0,178.0,a,L,58.0,2014.0
11,L,20.78,12,ARI,BOS,2016-11-12,Home,0,0,0,0,0,0,0,0,0,0,18,16.13,1,2,8,9,2017.0,Christian Dvorak,d/dvorach01,183.0,178.0,a,L,58.0,2014.0
12,W,20.8,13,ARI,SJS,2016-11-19,Home,0,0,0,0,0,0,0,0,0,0,21,13.48,0,1,5,6,2017.0,Christian Dvorak,d/dvorach01,183.0,178.0,a,L,58.0,2014.0
13,L,20.81,14,ARI,VAN,2016-11-23,Home,1,0,0,0,1,0,0,0,0,0,21,14.4,2,0,5,13,2017.0,Christian Dvorak,d/dvorach01,183.0,178.0,a,L,58.0,2014.0
14,W,20.81,15,ARI,EDM,2016-11-25,Home,0,0,-1,0,0,0,0,0,0,0,21,15.72,2,0,5,7,2017.0,Christian Dvorak,d/dvorach01,183.0,178.0,a,L,58.0,2014.0
15,W,20.82,16,ARI,EDM,2016-11-27,Away,0,1,1,0,0,0,0,0,1,0,20,13.58,0,1,5,7,2017.0,Christian Dvorak,d/dvorach01,183.0,178.0,a,L,58.0,2014.0
16,L,20.82,17,ARI,SJS,2016-11-29,Away,0,0,0,0,0,0,0,0,0,0,19,16.57,2,1,3,4,2017.0,Christian Dvorak,d/dvorach01,183.0,178.0,a,L,58.0,2014.0
17,L,20.83,18,ARI,LAK,2016-12-01,Home,0,0,-3,0,0,0,0,0,0,0,15,10.02,2,1,0,8,2017.0,Christian Dvorak,d/dvorach01,183.0,178.0,a,L,58.0,2014.0
18,L,20.84,19,ARI,CBJ,2016-12-03,Home,0,0,0,2,0,0,0,0,0,0,14,9.0,1,2,3,4,2017.0,Christian Dvorak,d/dvorach01,183.0,178.0,a,L,58.0,2014.0
19,L,20.84,20,ARI,CBJ,2016-12-05,Away,0,0,0,0,0,0,0,0,0,0,19,15.1,1,1,2,7,2017.0,Christian Dvorak,d/dvorach01,183.0,178.0,a,L,58.0,2014.0
20,L,20.84,21,ARI,CHI,2016-12-06,Away,0,0,0,0,0,0,0,0,0,0,19,15.85,3,0,5,4,2017.0,Christian Dvorak,d/dvorach01,183.0,178.0,a,L,58.0,2014.0
21,L,20.85,22,ARI,CGY,2016-12-08,Home,0,1,1,0,0,0,0,0,1,0,24,17.93,1,0,5,7,2017.0,Christian Dvorak,d/dvorach01,183.0,178.0,a,L,58.0,2014.0
22,W,20.85,23,ARI,NSH,2016-12-10,Home,0,0,1,0,0,0,0,0,0,0,22,14.63,1,1,2,3,2017.0,Christian Dvorak,d/dvorach01,183.0,178.0,a,L,58.0,2014.0
23,L,20.86,24,ARI,PIT,2016-12-12,Away,0,0,0,0,0,0,0,0,0,0,16,13.5,0,0,6,1,2017.0,Christian Dvorak,d/dvorach01,183.0,178.0,a,L,58.0,2014.0
24,W,20.86,25,ARI,DET,2016-12-13,Away,0,0,0,2,0,0,0,0,0,0,15,9.85,1,1,1,2,2017.0,Christian Dvorak,d/dvorach01,183.0,178.0,a,L,58.0,2014.0
25,W,20.87,26,ARI,TOR,2016-12-15,Away,0,0,0,0,0,0,0,0,0,0,11,9.17,1,1,1,2,2017.0,Christian Dvorak,d/dvorach01,183.0,178.0,a,L,58.0,2014.0
26,L,20.87,27,ARI,MIN,2016-12-17,Away,0,1,1,0,0,0,0,0,1,0,15,10.95,0,0,6,3,2017.0,Christian Dvorak,d/dvorach01,183.0,178.0,a,L,58.0,2014.0
27,L,20.88,28,ARI,CGY,2016-12-19,Home,1,1,2,0,1,0,0,0,1,0,13,9.33,0,0,3,5,2017.0,Christian Dvorak,d/dvorach01,183.0,178.0,a,L,58.0,2014.0
28,L,20.88,29,ARI,EDM,2016-12-21,Home,0,0,-1,0,0,0,0,0,0,0,17,11.72,3,0,4,2,2017.0,Christian Dvorak,d/dvorach01,183.0,178.0,a,L,58.0,2014.0
29,L,20.89,30,ARI,TOR,2016-12-23,Home,0,0,0,0,0,0,0,0,0,0,11,8.92,1,0,3,3,2017.0,Christian Dvorak,d/dvorach01,183.0,178.0,a,L,58.0,2014.0
30,L,20.9,31,ARI,DAL,2016-12-27,Home,0,0,0,0,0,0,0,0,0,0,11,9.42,1,0,2,1,2017.0,Christian Dvorak,d/dvorach01,183.0,178.0,a,L,58.0,2014.0
31,L,20.91,32,ARI,NYR,2016-12-29,Home,1,0,2,0,1,0,0,0,0,0,15,11.03,1,0,4,4,2017.0,Christian Dvorak,d/dvorach01,183.0,178.0,a,L,58.0,2014.0
32,L,20.91,33,ARI,CGY,2016-12-31,Away,0,0,0,0,0,0,0,0,0,0,24,16.47,0,0,8,5,2017.0,Christian Dvorak,d/dvorach01,183.0,178.0,a,L,58.0,2014.0
33,L,20.92,34,ARI,VAN,2017-01-04,Away,0,0,-1,0,0,0,0,0,0,0,17,13.25,0,0,7,5,2017.0,Christian Dvorak,d/dvorach01,183.0,178.0,a,L,58.0,2014.0
34,L,20.93,35,ARI,ANA,2017-01-06,Away,0,0,0,0,0,0,0,0,0,0,21,16.7,0,0,2,8,2017.0,Christian Dvorak,d/dvorach01,183.0,178.0,a,L,58.0,2014.0
35,W,20.93,36,ARI,NYI,2017-01-07,Home,0,0,0,2,0,0,0,0,0,0,23,17.82,4,0,8,7,2017.0,Christian Dvorak,d/dvorach01,183.0,178.0,a,L,58.0,2014.0
36,W,20.95,37,ARI,WPG,2017-01-13,Home,0,0,0,0,0,0,0,0,0,0,19,15.75,1,1,4,6,2017.0,Christian Dvorak,d/dvorach01,183.0,178.0,a,L,58.0,2014.0
37,L,20.95,38,ARI,ANA,2017-01-14,Home,0,0,-1,0,0,0,0,0,0,0,18,14.48,0,2,5,1,2017.0,Christian Dvorak,d/dvorach01,183.0,178.0,a,L,58.0,2014.0
38,L,20.96,39,ARI,EDM,2017-01-16,Away,0,0,0,0,0,0,0,0,0,0,20,13.45,1,0,5,5,2017.0,Christian Dvorak,d/dvorach01,183.0,178.0,a,L,58.0,2014.0
39,L,20.96,40,ARI,WPG,2017-01-18,Away,0,0,-1,0,0,0,0,0,0,0,21,15.1,0,3,3,9,2017.0,Christian Dvorak,d/dvorach01,183.0,178.0,a,L,58.0,2014.0
40,L,20.96,41,ARI,MIN,2017-01-19,Away,0,1,1,0,0,0,0,0,1,0,22,19.77,0,1,2,7,2017.0,Christian Dvorak,d/dvorach01,183.0,178.0,a,L,58.0,2014.0
41,W,20.97,42,ARI,TBL,2017-01-21,Home,0,0,0,0,0,0,0,0,0,0,22,19.02,1,1,8,10,2017.0,Christian Dvorak,d/dvorach01,183.0,178.0,a,L,58.0,2014.0
42,W,20.98,43,ARI,FLA,2017-01-23,Home,0,0,0,0,0,0,0,0,0,0,21,18.2,1,0,2,4,2017.0,Christian Dvorak,d/dvorach01,183.0,178.0,a,L,58.0,2014.0
43,W,20.98,44,ARI,VAN,2017-01-26,Home,0,0,0,0,0,0,0,0,0,0,19,14.95,1,0,6,6,2017.0,Christian Dvorak,d/dvorach01,183.0,178.0,a,L,58.0,2014.0
0,L,21.55,1,VAN,COL,2016-03-16,Home,0,1,0,0,0,0,0,0,1,0,18,11.55,,,,,2016.0,Nikita Tryamkin,t/tryamni01,201.0,228.0,L,D,66.0,2014.0
1,L,21.55,2,VAN,EDM,2016-03-18,Away,0,0,0,0,0,0,0,0,0,0,25,17.12,,,,,2016.0,Nikita Tryamkin,t/tryamni01,201.0,228.0,L,D,66.0,2014.0
2,L,21.55,3,VAN,STL,2016-03-19,Home,0,0,0,0,0,0,0,0,0,0,25,20.12,,,,,2016.0,Nikita Tryamkin,t/tryamni01,201.0,228.0,L,D,66.0,2014.0
3,L,21.56,4,VAN,WPG,2016-03-22,Away,0,0,0,2,0,0,0,0,0,0,28,20.98,,,,,2016.0,Nikita Tryamkin,t/tryamni01,201.0,228.0,L,D,66.0,2014.0
4,L,21.57,5,VAN,NSH,2016-03-24,Away,0,0,-1,0,0,0,0,0,0,0,29,19.73,,,,,2016.0,Nikita Tryamkin,t/tryamni01,201.0,228.0,L,D,66.0,2014.0
5,L,21.57,6,VAN,STL,2016-03-25,Away,0,0,-3,0,0,0,0,0,0,0,24,18.25,,,,,2016.0,Nikita Tryamkin,t/tryamni01,201.0,228.0,L,D,66.0,2014.0
6,L,21.58,7,VAN,CHI,2016-03-27,Home,0,0,1,0,0,0,0,0,0,0,30,21.02,,,,,2016.0,Nikita Tryamkin,t/tryamni01,201.0,228.0,L,D,66.0,2014.0
7,W,21.59,8,VAN,SJS,2016-03-31,Away,0,0,1,0,0,0,0,0,0,0,23,13.97,,,,,2016.0,Nikita Tryamkin,t/tryamni01,201.0,228.0,L,D,66.0,2014.0
8,W,21.59,9,VAN,ANA,2016-04-01,Away,0,0,0,2,0,0,0,0,0,0,22,14.5,,,,,2016.0,Nikita Tryamkin,t/tryamni01,201.0,228.0,L,D,66.0,2014.0
9,W,21.6,10,VAN,LAK,2016-04-04,Home,0,0,-1,2,0,0,0,0,0,0,28,17.67,,,,,2016.0,Nikita Tryamkin,t/tryamni01,201.0,228.0,L,D,66.0,2014.0
10,L,21.6,11,VAN,EDM,2016-04-06,Away,0,0,0,2,0,0,0,0,0,0,25,16.32,,,,,2016.0,Nikita Tryamkin,t/tryamni01,201.0,228.0,L,D,66.0,2014.0
11,L,21.61,12,VAN,CGY,2016-04-07,Away,1,0,0,0,1,0,0,0,0,0,23,16.62,,,,,2016.0,Nikita Tryamkin,t/tryamni01,201.0,228.0,L,D,66.0,2014.0
12,W,21.61,13,VAN,EDM,2016-04-09,Home,0,0,0,2,0,0,0,0,0,0,26,19.92,,,,,2016.0,Nikita Tryamkin,t/tryamni01,201.0,228.0,L,D,66.0,2014.0
0,L,22.18,1,VAN,OTT,2016-11-03,Away,0,0,0,7,0,0,0,0,0,0,20,14.28,6,0,0,0,2017.0,Nikita Tryamkin,t/tryamni01,201.0,228.0,L,D,66.0,2014.0
1,L,22.18,2,VAN,TOR,2016-11-05,Away,0,0,1,0,0,0,0,0,0,0,24,20.03,3,2,0,0,2017.0,Nikita Tryamkin,t/tryamni01,201.0,228.0,L,D,66.0,2014.0
2,L,22.19,3,VAN,NYI,2016-11-07,Away,0,0,-2,0,0,0,0,0,0,0,23,17.63,3,1,0,0,2017.0,Nikita Tryamkin,t/tryamni01,201.0,228.0,L,D,66.0,2014.0
3,W,22.19,4,VAN,NYR,2016-11-08,Away,0,0,1,2,0,0,0,0,0,0,25,17.12,2,2,0,0,2017.0,Nikita Tryamkin,t/tryamni01,201.0,228.0,L,D,66.0,2014.0
4,L,22.2,5,VAN,DET,2016-11-10,Away,0,0,0,2,0,0,0,0,0,0,19,14.53,4,1,0,0,2017.0,Nikita Tryamkin,t/tryamni01,201.0,228.0,L,D,66.0,2014.0
5,W,22.21,6,VAN,DAL,2016-11-13,Home,0,0,0,0,0,0,0,0,0,0,24,16.12,5,1,0,0,2017.0,Nikita Tryamkin,t/tryamni01,201.0,228.0,L,D,66.0,2014.0
6,L,22.21,7,VAN,NYR,2016-11-15,Home,0,0,0,2,0,0,0,0,0,0,22,16.4,2,0,0,0,2017.0,Nikita Tryamkin,t/tryamni01,201.0,228.0,L,D,66.0,2014.0
7,W,22.22,8,VAN,ARI,2016-11-17,Home,0,0,0,0,0,0,0,0,0,0,23,15.73,5,2,0,0,2017.0,Nikita Tryamkin,t/tryamni01,201.0,228.0,L,D,66.0,2014.0
8,L,22.22,9,VAN,CHI,2016-11-19,Home,0,0,1,0,0,0,0,0,0,0,18,13.08,1,0,0,0,2017.0,Nikita Tryamkin,t/tryamni01,201.0,228.0,L,D,66.0,2014.0
9,W,22.23,10,VAN,ARI,2016-11-23,Away,0,0,2,0,0,0,0,0,0,0,22,16.92,5,0,0,0,2017.0,Nikita Tryamkin,t/tryamni01,201.0,228.0,L,D,66.0,2014.0
10,L,22.24,11,VAN,DAL,2016-11-25,Away,0,0,-1,0,0,0,0,0,0,0,21,14.72,4,1,0,0,2017.0,Nikita Tryamkin,t/tryamni01,201.0,228.0,L,D,66.0,2014.0
11,W,22.24,12,VAN,COL,2016-11-26,Away,0,0,1,2,0,0,0,0,0,0,28,20.17,0,0,0,0,2017.0,Nikita Tryamkin,t/tryamni01,201.0,228.0,L,D,66.0,2014.0
12,W,22.25,13,VAN,MIN,2016-11-29,Home,0,0,0,0,0,0,0,0,0,0,25,21.67,5,3,0,0,2017.0,Nikita Tryamkin,t/tryamni01,201.0,228.0,L,D,66.0,2014.0
13,L,22.25,14,VAN,ANA,2016-12-01,Home,0,0,-2,0,0,0,0,0,0,0,17,15.63,0,1,0,0,2017.0,Nikita Tryamkin,t/tryamni01,201.0,228.0,L,D,66.0,2014.0
14,W,22.26,15,VAN,TOR,2016-12-03,Home,0,1,0,0,0,0,0,0,1,0,22,16.45,1,2,0,0,2017.0,Nikita Tryamkin,t/tryamni01,201.0,228.0,L,D,66.0,2014.0
15,L,22.27,16,VAN,NJD,2016-12-06,Away,0,0,1,0,0,0,0,0,0,0,23,18.77,3,1,0,0,2017.0,Nikita Tryamkin,t/tryamni01,201.0,228.0,L,D,66.0,2014.0
16,W,22.27,17,VAN,TBL,2016-12-08,Away,0,1,2,0,0,0,0,0,1,0,26,17.53,2,1,0,0,2017.0,Nikita Tryamkin,t/tryamni01,201.0,228.0,L,D,66.0,2014.0
17,L,22.28,18,VAN,FLA,2016-12-10,Away,0,0,0,0,0,0,0,0,0,0,25,17.92,1,0,0,0,2017.0,Nikita Tryamkin,t/tryamni01,201.0,228.0,L,D,66.0,2014.0
18,L,22.28,19,VAN,WSH,2016-12-11,Away,0,0,0,2,0,0,0,0,0,0,19,12.65,2,1,0,0,2017.0,Nikita Tryamkin,t/tryamni01,201.0,228.0,L,D,66.0,2014.0
19,L,22.29,20,VAN,CAR,2016-12-13,Away,0,1,0,0,0,0,0,0,1,0,24,18.22,4,2,0,0,2017.0,Nikita Tryamkin,t/tryamni01,201.0,228.0,L,D,66.0,2014.0
20,W,22.3,21,VAN,TBL,2016-12-16,Home,0,0,-1,0,0,0,0,0,0,0,20,15.75,2,1,0,0,2017.0,Nikita Tryamkin,t/tryamni01,201.0,228.0,L,D,66.0,2014.0
21,L,22.3,22,VAN,CBJ,2016-12-18,Home,0,0,0,0,0,0,0,0,0,0,22,14.9,0,0,0,0,2017.0,Nikita Tryamkin,t/tryamni01,201.0,228.0,L,D,66.0,2014.0
22,W,22.31,23,VAN,WPG,2016-12-20,Home,0,0,0,2,0,0,0,0,0,0,23,15.75,3,3,0,0,2017.0,Nikita Tryamkin,t/tryamni01,201.0,228.0,L,D,66.0,2014.0
23,L,22.31,24,VAN,WPG,2016-12-22,Home,0,0,0,4,0,0,0,0,0,0,23,14.38,2,1,0,0,2017.0,Nikita Tryamkin,t/tryamni01,201.0,228.0,L,D,66.0,2014.0
24,L,22.32,25,VAN,CGY,2016-12-23,Away,1,0,-1,0,1,0,0,0,0,0,25,18.73,0,1,0,0,2017.0,Nikita Tryamkin,t/tryamni01,201.0,228.0,L,D,66.0,2014.0
25,W,22.33,26,VAN,LAK,2016-12-28,Home,0,0,0,0,0,0,0,0,0,0,21,14.65,4,0,0,0,2017.0,Nikita Tryamkin,t/tryamni01,201.0,228.0,L,D,66.0,2014.0
26,W,22.33,27,VAN,ANA,2016-12-30,Home,0,0,0,0,0,0,0,0,0,0,19,12.15,3,5,0,0,2017.0,Nikita Tryamkin,t/tryamni01,201.0,228.0,L,D,66.0,2014.0
27,W,22.34,28,VAN,EDM,2016-12-31,Away,0,0,0,2,0,0,0,0,0,0,24,16.73,1,0,0,0,2017.0,Nikita Tryamkin,t/tryamni01,201.0,228.0,L,D,66.0,2014.0
28,W,22.34,29,VAN,COL,2017-01-02,Home,0,0,1,0,0,0,0,0,0,0,20,17.82,0,1,0,0,2017.0,Nikita Tryamkin,t/tryamni01,201.0,228.0,L,D,66.0,2014.0
29,W,22.35,30,VAN,ARI,2017-01-04,Home,0,0,0,2,0,0,0,0,0,0,21,16.15,0,0,0,0,2017.0,Nikita Tryamkin,t/tryamni01,201.0,228.0,L,D,66.0,2014.0
30,W,22.35,31,VAN,CGY,2017-01-06,Home,0,1,2,2,0,0,0,0,1,0,26,20.87,0,3,0,0,2017.0,Nikita Tryamkin,t/tryamni01,201.0,228.0,L,D,66.0,2014.0
31,L,22.36,32,VAN,CGY,2017-01-07,Away,0,0,-1,2,0,0,0,0,0,0,29,21.98,2,2,0,0,2017.0,Nikita Tryamkin,t/tryamni01,201.0,228.0,L,D,66.0,2014.0
32,L,22.36,33,VAN,NSH,2017-01-10,Away,0,0,0,0,0,0,0,0,0,0,22,16.4,2,2,0,0,2017.0,Nikita Tryamkin,t/tryamni01,201.0,228.0,L,D,66.0,2014.0
33,L,22.37,34,VAN,PHI,2017-01-12,Away,0,0,-1,4,0,0,0,0,0,0,19,11.6,5,1,0,0,2017.0,Nikita Tryamkin,t/tryamni01,201.0,228.0,L,D,66.0,2014.0
34,L,22.38,35,VAN,NJD,2017-01-15,Home,0,0,0,0,0,0,0,0,0,0,23,16.32,2,2,0,0,2017.0,Nikita Tryamkin,t/tryamni01,201.0,228.0,L,D,66.0,2014.0
35,W,22.38,36,VAN,NSH,2017-01-17,Home,0,0,0,0,0,0,0,0,0,0,31,21.15,5,2,0,0,2017.0,Nikita Tryamkin,t/tryamni01,201.0,228.0,L,D,66.0,2014.0
36,W,22.39,37,VAN,FLA,2017-01-20,Home,0,0,0,0,0,0,0,0,0,0,29,18.08,1,1,0,0,2017.0,Nikita Tryamkin,t/tryamni01,201.0,228.0,L,D,66.0,2014.0
37,L,22.4,38,VAN,CHI,2017-01-22,Away,0,0,-1,0,0,0,0,0,0,0,28,16.15,6,2,0,0,2017.0,Nikita Tryamkin,t/tryamni01,201.0,228.0,L,D,66.0,2014.0
38,W,22.41,39,VAN,COL,2017-01-25,Away,0,0,0,0,0,0,0,0,0,0,26,17.1,2,1,0,0,2017.0,Nikita Tryamkin,t/tryamni01,201.0,228.0,L,D,66.0,2014.0
39,L,22.41,40,VAN,ARI,2017-01-26,Away,0,0,0,0,0,0,0,0,0,0,27,19.1,2,2,0,0,2017.0,Nikita Tryamkin,t/tryamni01,201.0,228.0,L,D,66.0,2014.0
0,L,20.84,1,TOR,OTT,2016-03-12,Away,0,0,0,0,0,0,0,0,0,0,20,14.38,,,,,2016.0,Rinat Valiev,v/valieri01,188.0,205.0,L,D,68.0,2014.0
1,W,20.84,2,TOR,DET,2016-03-13,Away,0,0,0,0,0,0,0,0,0,0,11,6.07,,,,,2016.0,Rinat Valiev,v/valieri01,188.0,205.0,L,D,68.0,2014.0
2,W,20.85,3,TOR,TBL,2016-03-15,Home,0,0,-1,0,0,0,0,0,0,0,17,9.38,,,,,2016.0,Rinat Valiev,v/valieri01,188.0,205.0,L,D,68.0,2014.0
3,L,20.85,4,TOR,FLA,2016-03-17,Home,0,0,-1,0,0,0,0,0,0,0,14,10.92,,,,,2016.0,Rinat Valiev,v/valieri01,188.0,205.0,L,D,68.0,2014.0
4,W,20.86,5,TOR,BUF,2016-03-19,Home,0,0,0,0,0,0,0,0,0,0,19,14.8,,,,,2016.0,Rinat Valiev,v/valieri01,188.0,205.0,L,D,68.0,2014.0
5,W,20.86,6,TOR,CGY,2016-03-21,Home,0,0,1,0,0,0,0,0,0,0,17,11.92,,,,,2016.0,Rinat Valiev,v/valieri01,188.0,205.0,L,D,68.0,2014.0
6,W,20.87,7,TOR,ANA,2016-03-24,Home,0,0,1,0,0,0,0,0,0,0,20,13.75,,,,,2016.0,Rinat Valiev,v/valieri01,188.0,205.0,L,D,68.0,2014.0
7,L,20.88,8,TOR,BOS,2016-03-26,Home,0,0,1,0,0,0,0,0,0,0,22,14.02,,,,,2016.0,Rinat Valiev,v/valieri01,188.0,205.0,L,D,68.0,2014.0
8,L,20.88,9,TOR,TBL,2016-03-28,Away,0,0,-1,0,0,0,0,0,0,0,20,12.42,,,,,2016.0,Rinat Valiev,v/valieri01,188.0,205.0,L,D,68.0,2014.0
9,W,20.88,10,TOR,FLA,2016-03-29,Away,0,0,0,0,0,0,0,0,0,0,22,14.85,,,,,2016.0,Rinat Valiev,v/valieri01,188.0,205.0,L,D,68.0,2014.0
0,L,20.52,1,MTL,FLA,2016-04-02,Away,0,0,0,0,0,0,0,0,0,0,8,6.5,,,,,2016.0,Brett Lernout,l/lernobr01,193.0,213.0,R,D,73.0,2014.0
0,W,20.59,1,TBL,DET,2016-10-13,Home,0,0,-1,0,0,0,0,0,0,0,19,16.2,0,0,0,0,2017.0,Brayden Point,p/pointbr01,175.0,160.0,R,C,79.0,2014.0
1,W,20.59,2,TBL,NJD,2016-10-15,Home,0,1,1,0,0,0,0,0,1,0,18,15.15,1,0,0,0,2017.0,Brayden Point,p/pointbr01,175.0,160.0,R,C,79.0,2014.0
2,W,20.6,3,TBL,FLA,2016-10-18,Home,0,0,0,0,0,0,0,0,0,0,19,14.7,1,0,1,0,2017.0,Brayden Point,p/pointbr01,175.0,160.0,R,C,79.0,2014.0
3,L,20.61,4,TBL,COL,2016-10-20,Home,0,0,0,0,0,0,0,0,0,0,16,15.57,1,0,1,0,2017.0,Brayden Point,p/pointbr01,175.0,160.0,R,C,79.0,2014.0
4,W,20.61,5,TBL,OTT,2016-10-22,Away,0,1,2,0,0,0,0,0,1,0,17,14.58,1,1,0,0,2017.0,Brayden Point,p/pointbr01,175.0,160.0,R,C,79.0,2014.0
5,W,20.62,6,TBL,TOR,2016-10-25,Away,0,1,1,0,0,0,0,0,1,0,23,17.32,0,0,0,0,2017.0,Brayden Point,p/pointbr01,175.0,160.0,R,C,79.0,2014.0
6,L,20.62,7,TBL,MTL,2016-10-27,Away,0,0,0,0,0,0,0,0,0,0,21,17.18,0,1,0,0,2017.0,Brayden Point,p/pointbr01,175.0,160.0,R,C,79.0,2014.0
7,L,20.63,8,TBL,NJD,2016-10-29,Away,0,1,0,0,0,0,0,0,1,0,19,16.83,0,0,1,2,2017.0,Brayden Point,p/pointbr01,175.0,160.0,R,C,79.0,2014.0
8,L,20.63,9,TBL,NYR,2016-10-30,Away,0,0,-3,0,0,0,0,0,0,0,17,15.47,0,1,0,0,2017.0,Brayden Point,p/pointbr01,175.0,160.0,R,C,79.0,2014.0
9,W,20.64,10,TBL,NYI,2016-11-01,Away,0,0,0,0,0,0,0,0,0,0,19,17.45,0,1,0,0,2017.0,Brayden Point,p/pointbr01,175.0,160.0,R,C,79.0,2014.0
10,L,20.64,11,TBL,BOS,2016-11-03,Home,0,0,1,0,0,0,0,0,0,0,23,17.08,1,1,0,0,2017.0,Brayden Point,p/pointbr01,175.0,160.0,R,C,79.0,2014.0
11,W,20.65,12,TBL,NJD,2016-11-05,Home,1,0,0,0,0,1,0,0,0,0,17,14.63,1,0,0,0,2017.0,Brayden Point,p/pointbr01,175.0,160.0,R,C,79.0,2014.0
12,L,20.65,13,TBL,FLA,2016-11-07,Away,0,0,0,0,0,0,0,0,0,0,18,15.25,1,0,0,1,2017.0,Brayden Point,p/pointbr01,175.0,160.0,R,C,79.0,2014.0
13,W,20.66,14,TBL,NYI,2016-11-10,Home,0,0,0,0,0,0,0,0,0,0,17,16.17,0,0,0,0,2017.0,Brayden Point,p/pointbr01,175.0,160.0,R,C,79.0,2014.0
14,L,20.67,15,TBL,SJS,2016-11-12,Home,0,0,-1,0,0,0,0,0,0,0,21,17.32,0,1,0,0,2017.0,Brayden Point,p/pointbr01,175.0,160.0,R,C,79.0,2014.0
15,W,20.67,16,TBL,NYI,2016-11-14,Away,0,0,1,0,0,0,0,0,0,0,16,16.12,0,0,0,0,2017.0,Brayden Point,p/pointbr01,175.0,160.0,R,C,79.0,2014.0
16,W,20.68,17,TBL,DET,2016-11-15,Away,0,0,-1,2,0,0,0,0,0,0,20,13.43,0,0,0,0,2017.0,Brayden Point,p/pointbr01,175.0,160.0,R,C,79.0,2014.0
17,W,20.68,18,TBL,BUF,2016-11-17,Away,1,1,0,2,0,1,0,1,0,0,17,11.47,0,1,0,0,2017.0,Brayden Point,p/pointbr01,175.0,160.0,R,C,79.0,2014.0
18,W,20.69,19,TBL,PHI,2016-11-19,Away,0,0,0,0,0,0,0,0,0,0,7,4.27,1,0,0,0,2017.0,Brayden Point,p/pointbr01,175.0,160.0,R,C,79.0,2014.0
19,L,20.69,20,TBL,NSH,2016-11-21,Away,0,0,0,2,0,0,0,0,0,0,14,10.53,0,0,1,0,2017.0,Brayden Point,p/pointbr01,175.0,160.0,R,C,79.0,2014.0
20,W,20.7,21,TBL,PHI,2016-11-23,Home,0,2,0,0,0,0,0,1,1,0,17,13.58,0,1,0,0,2017.0,Brayden Point,p/pointbr01,175.0,160.0,R,C,79.0,2014.0
21,L,20.7,22,TBL,CBJ,2016-11-25,Home,0,0,-1,0,0,0,0,0,0,0,18,12.7,0,0,3,6,2017.0,Brayden Point,p/pointbr01,175.0,160.0,R,C,79.0,2014.0
22,L,20.71,23,TBL,BOS,2016-11-27,Away,0,1,0,0,0,0,0,0,1,0,22,18.77,0,0,2,2,2017.0,Brayden Point,p/pointbr01,175.0,160.0,R,C,79.0,2014.0
23,L,20.72,24,TBL,CBJ,2016-11-29,Away,0,1,1,0,0,0,0,0,1,0,15,15.93,0,0,0,0,2017.0,Brayden Point,p/pointbr01,175.0,160.0,R,C,79.0,2014.0
24,L,20.72,25,TBL,STL,2016-12-01,Away,0,0,-2,0,0,0,0,0,0,0,15,12.4,1,0,1,0,2017.0,Brayden Point,p/pointbr01,175.0,160.0,R,C,79.0,2014.0
25,W,20.73,26,TBL,WSH,2016-12-03,Home,0,0,0,0,0,0,0,0,0,0,20,17.22,1,0,0,0,2017.0,Brayden Point,p/pointbr01,175.0,160.0,R,C,79.0,2014.0
26,L,20.73,27,TBL,CAR,2016-12-04,Away,0,0,0,2,0,0,0,0,0,0,18,15.87,1,0,0,0,2017.0,Brayden Point,p/pointbr01,175.0,160.0,R,C,79.0,2014.0
27,L,20.74,28,TBL,VAN,2016-12-08,Home,0,0,1,0,0,0,0,0,0,0,18,15.53,0,0,7,4,2017.0,Brayden Point,p/pointbr01,175.0,160.0,R,C,79.0,2014.0
28,L,20.75,29,TBL,PIT,2016-12-10,Home,0,0,0,0,0,0,0,0,0,0,18,15.55,0,1,7,2,2017.0,Brayden Point,p/pointbr01,175.0,160.0,R,C,79.0,2014.0
29,W,20.76,30,TBL,CGY,2016-12-14,Away,0,0,1,0,0,0,0,0,0,0,20,15.67,0,0,5,5,2017.0,Brayden Point,p/pointbr01,175.0,160.0,R,C,79.0,2014.0
30,L,20.76,31,TBL,VAN,2016-12-16,Away,0,0,-3,0,0,0,0,0,0,0,19,15.6,2,0,3,7,2017.0,Brayden Point,p/pointbr01,175.0,160.0,R,C,79.0,2014.0
31,L,20.76,32,TBL,EDM,2016-12-17,Away,0,1,0,2,0,0,0,1,0,0,30,23.55,0,0,2,1,2017.0,Brayden Point,p/pointbr01,175.0,160.0,R,C,79.0,2014.0
32,W,20.77,33,TBL,DET,2016-12-20,Home,1,1,1,0,0,1,0,0,1,0,19,19.53,0,0,2,5,2017.0,Brayden Point,p/pointbr01,175.0,160.0,R,C,79.0,2014.0
33,W,20.78,34,TBL,STL,2016-12-22,Home,0,0,0,0,0,0,0,0,0,0,22,18.77,1,0,2,0,2017.0,Brayden Point,p/pointbr01,175.0,160.0,R,C,79.0,2014.0
34,L,20.78,35,TBL,WSH,2016-12-23,Away,0,0,-1,0,0,0,0,0,0,0,22,19.58,2,2,8,3,2017.0,Brayden Point,p/pointbr01,175.0,160.0,R,C,79.0,2014.0
35,W,20.79,36,TBL,MTL,2016-12-28,Home,0,1,-2,0,0,0,0,1,0,0,20,19.55,0,,,,2017.0,Brayden Point,p/pointbr01,175.0,160.0,R,C,79.0,2014.0
0,L,20.4,1,WPG,ANA,2016-03-20,Home,0,0,1,0,0,0,0,0,0,0,13,10.05,,,,,2016.0,Chase De Leo,d/deleoch01,175.0,172.0,L,C,99.0,2014.0
1,W,20.41,2,WPG,VAN,2016-03-22,Home,0,0,0,0,0,0,0,0,0,0,12,8.78,,,,,2016.0,Chase De Leo,d/deleoch01,175.0,172.0,L,C,99.0,2014.0
0,W,22.5,1,NSH,CAR,2015-10-08,Home,1,0,1,2,1,0,0,0,0,0,15,11.23,,,,,2016.0,Viktor Arvidsson,a/arvidvi01,175.0,180.0,R,L,112.0,2014.0
1,W,22.51,2,NSH,EDM,2015-10-10,Home,0,0,0,0,0,0,0,0,0,0,10,8.0,,,,,2016.0,Viktor Arvidsson,a/arvidvi01,175.0,180.0,R,L,112.0,2014.0
2,W,22.53,3,NSH,TBL,2015-10-20,Home,0,0,-1,2,0,0,0,0,0,0,16,12.7,,,,,2016.0,Viktor Arvidsson,a/arvidvi01,175.0,180.0,R,L,112.0,2014.0
3,L,22.55,4,NSH,PIT,2015-10-24,Home,0,0,-1,0,0,0,0,0,0,0,10,7.67,,,,,2016.0,Viktor Arvidsson,a/arvidvi01,175.0,180.0,R,L,112.0,2014.0
4,L,22.64,5,NSH,BUF,2015-11-28,Home,0,0,0,15,0,0,0,0,0,0,9,8.15,,,,,2016.0,Viktor Arvidsson,a/arvidvi01,175.0,180.0,R,L,112.0,2014.0
5,W,22.65,6,NSH,ARI,2015-12-01,Home,0,0,0,0,0,0,0,0,0,0,21,18.95,,,,,2016.0,Viktor Arvidsson,a/arvidvi01,175.0,180.0,R,L,112.0,2014.0
6,L,22.65,7,NSH,FLA,2015-12-03,Home,0,0,0,0,0,0,0,0,0,0,17,14.92,,,,,2016.0,Viktor Arvidsson,a/arvidvi01,175.0,180.0,R,L,112.0,2014.0
7,L,22.66,8,NSH,DET,2015-12-05,Away,1,0,1,0,1,0,0,0,0,0,18,13.43,,,,,2016.0,Viktor Arvidsson,a/arvidvi01,175.0,180.0,R,L,112.0,2014.0
8,W,22.67,9,NSH,BOS,2015-12-07,Away,1,0,1,0,1,0,0,0,0,0,18,12.95,,,,,2016.0,Viktor Arvidsson,a/arvidvi01,175.0,180.0,R,L,112.0,2014.0
9,L,22.67,10,NSH,CHI,2015-12-08,Away,0,0,-1,0,0,0,0,0,0,0,22,15.42,,,,,2016.0,Viktor Arvidsson,a/arvidvi01,175.0,180.0,R,L,112.0,2014.0
10,W,22.67,11,NSH,CHI,2015-12-10,Home,0,1,1,2,0,0,0,0,1,0,21,14.05,,,,,2016.0,Viktor Arvidsson,a/arvidvi01,175.0,180.0,R,L,112.0,2014.0
11,L,22.68,12,NSH,COL,2015-12-12,Home,0,0,0,0,0,0,0,0,0,0,19,13.87,,,,,2016.0,Viktor Arvidsson,a/arvidvi01,175.0,180.0,R,L,112.0,2014.0
12,L,22.69,13,NSH,CGY,2015-12-15,Home,0,0,0,2,0,0,0,0,0,0,18,16.0,,,,,2016.0,Viktor Arvidsson,a/arvidvi01,175.0,180.0,R,L,112.0,2014.0
13,L,22.69,14,NSH,STL,2015-12-17,Away,0,0,0,2,0,0,0,0,0,0,17,12.73,,,,,2016.0,Viktor Arvidsson,a/arvidvi01,175.0,180.0,R,L,112.0,2014.0
14,W,22.7,15,NSH,MIN,2015-12-19,Home,0,1,1,2,0,0,0,0,1,0,16,9.2,,,,,2016.0,Viktor Arvidsson,a/arvidvi01,175.0,180.0,R,L,112.0,2014.0
15,W,22.7,16,NSH,MTL,2015-12-21,Home,0,0,0,0,0,0,0,0,0,0,15,10.67,,,,,2016.0,Viktor Arvidsson,a/arvidvi01,175.0,180.0,R,L,112.0,2014.0
16,L,22.72,17,NSH,DET,2015-12-26,Home,0,0,0,0,0,0,0,0,0,0,11,7.05,,,,,2016.0,Viktor Arvidsson,a/arvidvi01,175.0,180.0,R,L,112.0,2014.0
17,W,22.72,18,NSH,NYR,2015-12-28,Home,0,0,0,0,0,0,0,0,0,0,18,14.02,,,,,2016.0,Viktor Arvidsson,a/arvidvi01,175.0,180.0,R,L,112.0,2014.0
18,L,22.73,19,NSH,STL,2015-12-29,Away,0,0,-2,0,0,0,0,0,0,0,12,9.88,,,,,2016.0,Viktor Arvidsson,a/arvidvi01,175.0,180.0,R,L,112.0,2014.0
19,L,22.73,20,NSH,DAL,2015-12-31,Away,0,0,-1,0,0,0,0,0,0,0,18,12.33,,,,,2016.0,Viktor Arvidsson,a/arvidvi01,175.0,180.0,R,L,112.0,2014.0
20,W,22.74,21,NSH,CAR,2016-01-02,Away,0,0,0,0,0,0,0,0,0,0,19,14.82,,,,,2016.0,Viktor Arvidsson,a/arvidvi01,175.0,180.0,R,L,112.0,2014.0
21,L,22.75,22,NSH,WPG,2016-01-05,Home,0,0,-1,2,0,0,0,0,0,0,10,6.9,,,,,2016.0,Viktor Arvidsson,a/arvidvi01,175.0,180.0,R,L,112.0,2014.0
22,L,22.76,23,NSH,ARI,2016-01-09,Away,0,0,0,0,0,0,0,0,0,0,21,12.75,,,,,2016.0,Viktor Arvidsson,a/arvidvi01,175.0,180.0,R,L,112.0,2014.0
23,L,22.76,24,NSH,CHI,2016-01-12,Away,0,0,-2,0,0,0,0,0,0,0,16,11.2,,,,,2016.0,Viktor Arvidsson,a/arvidvi01,175.0,180.0,R,L,112.0,2014.0
24,L,22.82,25,NSH,STL,2016-02-02,Home,0,0,0,0,0,0,0,0,0,0,15,11.37,,,,,2016.0,Viktor Arvidsson,a/arvidvi01,175.0,180.0,R,L,112.0,2014.0
25,L,22.83,26,NSH,PHI,2016-02-04,Home,0,0,-2,0,0,0,0,0,0,0,16,10.02,,,,,2016.0,Viktor Arvidsson,a/arvidvi01,175.0,180.0,R,L,112.0,2014.0
26,W,22.83,27,NSH,SJS,2016-02-06,Home,2,0,2,0,2,0,0,0,0,0,15,11.13,,,,,2016.0,Viktor Arvidsson,a/arvidvi01,175.0,180.0,R,L,112.0,2014.0
27,L,22.84,28,NSH,WSH,2016-02-09,Home,0,0,-1,0,0,0,0,0,0,0,19,11.2,,,,,2016.0,Viktor Arvidsson,a/arvidvi01,175.0,180.0,R,L,112.0,2014.0
28,L,22.85,29,NSH,TBL,2016-02-12,Away,0,1,0,2,0,0,0,0,1,0,20,13.32,,,,,2016.0,Viktor Arvidsson,a/arvidvi01,175.0,180.0,R,L,112.0,2014.0
29,W,22.85,30,NSH,FLA,2016-02-13,Away,0,0,0,0,0,0,0,0,0,0,20,12.4,,,,,2016.0,Viktor Arvidsson,a/arvidvi01,175.0,180.0,R,L,112.0,2014.0
30,L,22.86,31,NSH,DAL,2016-02-15,Home,0,0,0,0,0,0,0,0,0,0,17,14.8,,,,,2016.0,Viktor Arvidsson,a/arvidvi01,175.0,180.0,R,L,112.0,2014.0
31,W,22.87,32,NSH,BOS,2016-02-18,Home,0,0,0,0,0,0,0,0,0,0,17,13.9,,,,,2016.0,Viktor Arvidsson,a/arvidvi01,175.0,180.0,R,L,112.0,2014.0
32,L,22.87,33,NSH,LAK,2016-02-20,Home,0,0,0,0,0,0,0,0,0,0,15,11.12,,,,,2016.0,Viktor Arvidsson,a/arvidvi01,175.0,180.0,R,L,112.0,2014.0
33,W,22.88,34,NSH,MTL,2016-02-22,Away,1,0,1,0,1,0,0,0,0,0,18,13.45,,,,,2016.0,Viktor Arvidsson,a/arvidvi01,175.0,180.0,R,L,112.0,2014.0
34,W,22.88,35,NSH,TOR,2016-02-23,Away,0,0,0,0,0,0,0,0,0,0,14,11.38,,,,,2016.0,Viktor Arvidsson,a/arvidvi01,175.0,180.0,R,L,112.0,2014.0
35,W,22.88,36,NSH,CHI,2016-02-25,Away,1,0,1,0,1,0,0,0,0,0,17,11.8,,,,,2016.0,Viktor Arvidsson,a/arvidvi01,175.0,180.0,R,L,112.0,2014.0
36,W,22.89,37,NSH,STL,2016-02-27,Home,0,1,1,0,0,0,0,0,1,0,17,11.98,,,,,2016.0,Viktor Arvidsson,a/arvidvi01,175.0,180.0,R,L,112.0,2014.0
37,W,22.9,38,NSH,DAL,2016-03-01,Home,0,1,1,0,0,0,0,0,1,0,16,10.52,,,,,2016.0,Viktor Arvidsson,a/arvidvi01,175.0,180.0,R,L,112.0,2014.0
38,L,22.9,39,NSH,NJD,2016-03-03,Home,0,0,0,0,0,0,0,0,0,0,22,15.05,,,,,2016.0,Viktor Arvidsson,a/arvidvi01,175.0,180.0,R,L,112.0,2014.0
39,W,22.91,40,NSH,COL,2016-03-05,Away,0,0,0,0,0,0,0,0,0,0,18,12.97,,,,,2016.0,Viktor Arvidsson,a/arvidvi01,175.0,180.0,R,L,112.0,2014.0
40,W,22.92,41,NSH,WPG,2016-03-08,Away,0,1,0,0,0,0,0,0,1,0,21,14.28,,,,,2016.0,Viktor Arvidsson,a/arvidvi01,175.0,180.0,R,L,112.0,2014.0
41,L,22.92,42,NSH,CGY,2016-03-09,Away,0,2,2,0,0,0,0,0,2,0,19,13.82,,,,,2016.0,Viktor Arvidsson,a/arvidvi01,175.0,180.0,R,L,112.0,2014.0
42,L,22.93,43,NSH,VAN,2016-03-12,Away,0,0,0,0,0,0,0,0,0,0,19,13.23,,,,,2016.0,Viktor Arvidsson,a/arvidvi01,175.0,180.0,R,L,112.0,2014.0
43,W,22.93,44,NSH,EDM,2016-03-14,Away,0,0,-2,2,0,0,0,0,0,0,19,13.05,,,,,2016.0,Viktor Arvidsson,a/arvidvi01,175.0,180.0,R,L,112.0,2014.0
44,W,22.94,45,NSH,NYI,2016-03-17,Home,0,0,-1,0,0,0,0,0,0,0,18,14.38,,,,,2016.0,Viktor Arvidsson,a/arvidvi01,175.0,180.0,R,L,112.0,2014.0
45,L,22.95,46,NSH,WSH,2016-03-18,Away,0,0,-1,0,0,0,0,0,0,0,18,13.18,,,,,2016.0,Viktor Arvidsson,a/arvidvi01,175.0,180.0,R,L,112.0,2014.0
46,W,22.95,47,NSH,LAK,2016-03-21,Home,0,0,-1,0,0,0,0,0,0,0,15,11.78,,,,,2016.0,Viktor Arvidsson,a/arvidvi01,175.0,180.0,R,L,112.0,2014.0
47,W,22.96,48,NSH,VAN,2016-03-24,Home,0,0,0,0,0,0,0,0,0,0,19,15.18,,,,,2016.0,Viktor Arvidsson,a/arvidvi01,175.0,180.0,R,L,112.0,2014.0
48,W,22.97,49,NSH,CBJ,2016-03-26,Home,0,0,0,0,0,0,0,0,0,0,18,13.47,,,,,2016.0,Viktor Arvidsson,a/arvidvi01,175.0,180.0,R,L,112.0,2014.0
49,L,22.97,50,NSH,COL,2016-03-28,Home,0,0,-2,0,0,0,0,0,0,0,15,9.5,,,,,2016.0,Viktor Arvidsson,a/arvidvi01,175.0,180.0,R,L,112.0,2014.0
50,L,22.98,51,NSH,DAL,2016-03-29,Away,1,0,-1,0,0,1,0,0,0,0,17,10.7,,,,,2016.0,Viktor Arvidsson,a/arvidvi01,175.0,180.0,R,L,112.0,2014.0
51,L,22.98,52,NSH,PIT,2016-03-31,Away,0,0,-2,2,0,0,0,0,0,0,20,14.32,,,,,2016.0,Viktor Arvidsson,a/arvidvi01,175.0,180.0,R,L,112.0,2014.0
52,L,22.99,53,NSH,SJS,2016-04-02,Home,0,0,0,0,0,0,0,0,0,0,16,11.5,,,,,2016.0,Viktor Arvidsson,a/arvidvi01,175.0,180.0,R,L,112.0,2014.0
53,W,22.99,54,NSH,COL,2016-04-05,Home,0,0,1,0,0,0,0,0,0,0,18,14.33,,,,,2016.0,Viktor Arvidsson,a/arvidvi01,175.0,180.0,R,L,112.0,2014.0
54,W,23.0,55,NSH,ARI,2016-04-07,Home,0,0,-1,0,0,0,0,0,0,0,15,13.15,,,,,2016.0,Viktor Arvidsson,a/arvidvi01,175.0,180.0,R,L,112.0,2014.0
55,L,23.0,56,NSH,DAL,2016-04-09,Away,0,0,1,0,0,0,0,0,0,0,20,13.3,,,,,2016.0,Viktor Arvidsson,a/arvidvi01,175.0,180.0,R,L,112.0,2014.0
0,W,23.52,1,NSH,CHI,2016-10-14,Home,0,0,0,0,0,0,0,0,0,0,18,11.23,0,0,0,0,2017.0,Viktor Arvidsson,a/arvidvi01,175.0,180.0,R,L,112.0,2014.0
1,L,23.52,2,NSH,CHI,2016-10-15,Away,1,0,-1,0,1,0,0,0,0,0,22,13.43,1,0,0,0,2017.0,Viktor Arvidsson,a/arvidvi01,175.0,180.0,R,L,112.0,2014.0
2,L,23.53,3,NSH,DAL,2016-10-18,Home,0,0,0,0,0,0,0,0,0,0,18,12.38,0,1,0,0,2017.0,Viktor Arvidsson,a/arvidvi01,175.0,180.0,R,L,112.0,2014.0
3,L,23.54,4,NSH,DET,2016-10-21,Away,0,1,-1,2,0,0,0,1,0,0,23,13.87,0,0,0,0,2017.0,Viktor Arvidsson,a/arvidvi01,175.0,180.0,R,L,112.0,2014.0
4,W,23.54,5,NSH,PIT,2016-10-22,Home,2,0,1,0,1,1,0,0,0,0,28,20.6,1,2,1,0,2017.0,Viktor Arvidsson,a/arvidvi01,175.0,180.0,R,L,112.0,2014.0
5,L,23.55,6,NSH,ANA,2016-10-26,Away,0,0,-1,0,0,0,0,0,0,0,18,13.33,0,1,0,0,2017.0,Viktor Arvidsson,a/arvidvi01,175.0,180.0,R,L,112.0,2014.0
6,L,23.55,7,NSH,LAK,2016-10-27,Away,1,1,1,0,0,0,1,0,1,0,23,11.85,1,1,0,0,2017.0,Viktor Arvidsson,a/arvidvi01,175.0,180.0,R,L,112.0,2014.0
7,L,23.56,8,NSH,SJS,2016-10-29,Away,0,0,-2,0,0,0,0,0,0,0,20,15.25,3,0,0,0,2017.0,Viktor Arvidsson,a/arvidvi01,175.0,180.0,R,L,112.0,2014.0
8,W,23.57,9,NSH,COL,2016-11-01,Away,0,0,-1,0,0,0,0,0,0,0,24,14.12,0,0,0,0,2017.0,Viktor Arvidsson,a/arvidvi01,175.0,180.0,R,L,112.0,2014.0
9,L,23.57,10,NSH,ARI,2016-11-03,Away,0,0,0,0,0,0,0,0,0,0,20,12.88,0,0,0,0,2017.0,Viktor Arvidsson,a/arvidvi01,175.0,180.0,R,L,112.0,2014.0
10,L,23.58,11,NSH,CAR,2016-11-05,Home,0,0,-1,0,0,0,0,0,0,0,27,19.5,0,2,0,0,2017.0,Viktor Arvidsson,a/arvidvi01,175.0,180.0,R,L,112.0,2014.0
11,W,23.59,12,NSH,OTT,2016-11-08,Home,0,1,1,0,0,0,0,0,1,0,20,17.17,0,0,0,0,2017.0,Viktor Arvidsson,a/arvidvi01,175.0,180.0,R,L,112.0,2014.0
12,W,23.59,13,NSH,STL,2016-11-10,Home,0,0,0,0,0,0,0,0,0,0,21,13.67,0,0,0,1,2017.0,Viktor Arvidsson,a/arvidvi01,175.0,180.0,R,L,112.0,2014.0
13,W,23.6,14,NSH,ANA,2016-11-12,Home,0,2,2,0,0,0,0,0,1,1,22,14.07,0,0,1,0,2017.0,Viktor Arvidsson,a/arvidvi01,175.0,180.0,R,L,112.0,2014.0
14,L,23.61,15,NSH,TOR,2016-11-15,Away,1,0,0,0,1,0,0,0,0,0,25,18.42,0,1,0,0,2017.0,Viktor Arvidsson,a/arvidvi01,175.0,180.0,R,L,112.0,2014.0
15,W,23.61,16,NSH,OTT,2016-11-17,Away,0,0,1,0,0,0,0,0,0,0,20,16.47,0,2,0,0,2017.0,Viktor Arvidsson,a/arvidvi01,175.0,180.0,R,L,112.0,2014.0
16,L,23.62,17,NSH,STL,2016-11-19,Away,0,0,-1,2,0,0,0,0,0,0,24,17.88,0,0,0,0,2017.0,Viktor Arvidsson,a/arvidvi01,175.0,180.0,R,L,112.0,2014.0
17,W,23.62,18,NSH,TBL,2016-11-21,Home,1,0,1,2,1,0,0,0,0,0,19,13.62,1,0,0,0,2017.0,Viktor Arvidsson,a/arvidvi01,175.0,180.0,R,L,112.0,2014.0
18,W,23.63,19,NSH,DAL,2016-11-23,Home,0,1,0,2,0,0,0,1,0,0,21,16.23,1,0,0,0,2017.0,Viktor Arvidsson,a/arvidvi01,175.0,180.0,R,L,112.0,2014.0
19,W,23.63,20,NSH,WPG,2016-11-25,Home,0,1,1,0,0,0,0,0,1,0,22,18.32,0,0,0,0,2017.0,Viktor Arvidsson,a/arvidvi01,175.0,180.0,R,L,112.0,2014.0
20,L,23.64,21,NSH,WPG,2016-11-27,Away,0,0,0,0,0,0,0,0,0,0,27,19.62,1,0,0,0,2017.0,Viktor Arvidsson,a/arvidvi01,175.0,180.0,R,L,112.0,2014.0
21,W,23.64,22,NSH,COL,2016-11-29,Away,1,0,2,0,1,0,0,0,0,0,25,17.72,0,1,0,0,2017.0,Viktor Arvidsson,a/arvidvi01,175.0,180.0,R,L,112.0,2014.0
22,L,23.65,23,NSH,NJD,2016-12-03,Home,0,0,-1,2,0,0,0,0,0,0,30,20.95,1,1,0,0,2017.0,Viktor Arvidsson,a/arvidvi01,175.0,180.0,R,L,112.0,2014.0
23,L,23.66,24,NSH,PHI,2016-12-04,Home,0,0,-1,0,0,0,0,0,0,0,25,16.73,0,0,0,0,2017.0,Viktor Arvidsson,a/arvidvi01,175.0,180.0,R,L,112.0,2014.0
24,W,23.66,25,NSH,COL,2016-12-06,Home,1,0,1,0,1,0,0,0,0,0,21,15.38,0,2,0,0,2017.0,Viktor Arvidsson,a/arvidvi01,175.0,180.0,R,L,112.0,2014.0
25,L,23.67,26,NSH,DAL,2016-12-08,Away,1,0,-1,0,0,0,1,0,0,0,28,18.55,0,0,0,0,2017.0,Viktor Arvidsson,a/arvidvi01,175.0,180.0,R,L,112.0,2014.0
26,L,23.67,27,NSH,ARI,2016-12-10,Away,0,1,1,0,0,0,0,0,1,0,24,19.42,0,0,0,0,2017.0,Viktor Arvidsson,a/arvidvi01,175.0,180.0,R,L,112.0,2014.0
27,W,23.68,28,NSH,STL,2016-12-13,Home,0,2,2,0,0,0,0,0,2,0,23,14.45,0,0,0,0,2017.0,Viktor Arvidsson,a/arvidvi01,175.0,180.0,R,L,112.0,2014.0
28,L,23.69,29,NSH,MIN,2016-12-15,Home,0,1,0,0,0,0,0,0,1,0,20,13.73,0,0,0,0,2017.0,Viktor Arvidsson,a/arvidvi01,175.0,180.0,R,L,112.0,2014.0
29,L,23.69,30,NSH,NYR,2016-12-17,Home,0,0,1,0,0,0,0,0,0,0,23,17.65,0,0,0,0,2017.0,Viktor Arvidsson,a/arvidvi01,175.0,180.0,R,L,112.0,2014.0
30,W,23.7,31,NSH,PHI,2016-12-19,Away,0,0,0,0,0,0,0,0,0,0,26,19.52,0,1,1,0,2017.0,Viktor Arvidsson,a/arvidvi01,175.0,180.0,R,L,112.0,2014.0
31,W,23.7,32,NSH,NJD,2016-12-20,Away,0,3,3,0,0,0,0,0,2,1,21,16.48,1,0,0,0,2017.0,Viktor Arvidsson,a/arvidvi01,175.0,180.0,R,L,112.0,2014.0
32,L,23.71,33,NSH,LAK,2016-12-22,Home,0,0,-1,0,0,0,0,0,0,0,21,17.17,0,0,0,0,2017.0,Viktor Arvidsson,a/arvidvi01,175.0,180.0,R,L,112.0,2014.0
33,L,23.72,34,NSH,MIN,2016-12-27,Home,0,0,1,0,0,0,0,0,0,0,27,19.5,0,3,0,0,2017.0,Viktor Arvidsson,a/arvidvi01,175.0,180.0,R,L,112.0,2014.0
34,L,23.73,35,NSH,CHI,2016-12-29,Home,0,0,0,0,0,0,0,0,0,0,25,20.25,0,2,0,0,2017.0,Viktor Arvidsson,a/arvidvi01,175.0,180.0,R,L,112.0,2014.0
35,W,23.73,36,NSH,STL,2016-12-30,Away,1,0,1,0,1,0,0,0,0,0,20,14.35,1,2,0,0,2017.0,Viktor Arvidsson,a/arvidvi01,175.0,180.0,R,L,112.0,2014.0
36,L,23.74,37,NSH,MTL,2017-01-03,Home,0,0,0,0,0,0,0,0,0,0,23,16.97,0,0,0,0,2017.0,Viktor Arvidsson,a/arvidvi01,175.0,180.0,R,L,112.0,2014.0
37,W,23.75,38,NSH,TBL,2017-01-05,Away,0,1,1,0,0,0,0,0,1,0,15,11.32,0,1,0,1,2017.0,Viktor Arvidsson,a/arvidvi01,175.0,180.0,R,L,112.0,2014.0
38,W,23.76,39,NSH,VAN,2017-01-10,Home,0,0,0,0,0,0,0,0,0,0,26,19.4,0,1,0,1,2017.0,Viktor Arvidsson,a/arvidvi01,175.0,180.0,R,L,112.0,2014.0
39,W,23.76,40,NSH,BOS,2017-01-12,Home,0,0,1,2,0,0,0,0,0,0,25,19.88,0,1,0,0,2017.0,Viktor Arvidsson,a/arvidvi01,175.0,180.0,R,L,112.0,2014.0
40,W,23.77,41,NSH,COL,2017-01-14,Away,0,0,-1,0,0,0,0,0,0,0,25,18.1,0,1,0,0,2017.0,Viktor Arvidsson,a/arvidvi01,175.0,180.0,R,L,112.0,2014.0
41,L,23.78,42,NSH,VAN,2017-01-17,Away,0,0,0,0,0,0,0,0,0,0,25,17.87,0,1,0,0,2017.0,Viktor Arvidsson,a/arvidvi01,175.0,180.0,R,L,112.0,2014.0
42,W,23.78,43,NSH,CGY,2017-01-19,Away,0,2,1,0,0,0,0,1,1,0,25,15.88,0,1,0,0,2017.0,Viktor Arvidsson,a/arvidvi01,175.0,180.0,R,L,112.0,2014.0
43,W,23.79,44,NSH,EDM,2017-01-20,Away,1,0,2,0,1,0,0,0,0,0,27,21.15,0,0,0,0,2017.0,Viktor Arvidsson,a/arvidvi01,175.0,180.0,R,L,112.0,2014.0
44,W,23.79,45,NSH,MIN,2017-01-22,Away,0,1,2,0,0,0,0,0,1,0,25,14.98,0,0,0,1,2017.0,Viktor Arvidsson,a/arvidvi01,175.0,180.0,R,L,112.0,2014.0
45,L,23.8,46,NSH,BUF,2017-01-24,Home,1,0,0,0,0,1,0,0,0,0,27,17.87,1,1,0,1,2017.0,Viktor Arvidsson,a/arvidvi01,175.0,180.0,R,L,112.0,2014.0
46,W,23.8,47,NSH,CBJ,2017-01-26,Home,0,0,-1,0,0,0,0,0,0,0,24,17.12,0,2,0,0,2017.0,Viktor Arvidsson,a/arvidvi01,175.0,180.0,R,L,112.0,2014.0
0,W,21.27,1,BOS,CBJ,2016-10-13,Away,0,0,0,2,0,0,0,0,0,0,16,11.42,0,1,0,0,2017.0,Danton Heinen,h/heineda01,183.0,165.0,L,C,116.0,2014.0
1,L,21.28,2,BOS,TOR,2016-10-15,Away,0,0,0,0,0,0,0,0,0,0,15,13.93,3,1,0,0,2017.0,Danton Heinen,h/heineda01,183.0,165.0,L,C,116.0,2014.0
2,W,21.28,3,BOS,WPG,2016-10-17,Away,0,0,0,0,0,0,0,0,0,0,13,9.72,0,0,0,0,2017.0,Danton Heinen,h/heineda01,183.0,165.0,L,C,116.0,2014.0
3,W,21.29,4,BOS,NJD,2016-10-20,Home,0,0,0,0,0,0,0,0,0,0,19,17.55,1,0,0,0,2017.0,Danton Heinen,h/heineda01,183.0,165.0,L,C,116.0,2014.0
4,L,21.31,5,BOS,MIN,2016-10-25,Home,0,0,-1,0,0,0,0,0,0,0,19,16.92,0,0,0,0,2017.0,Danton Heinen,h/heineda01,183.0,165.0,L,C,116.0,2014.0
5,W,21.32,6,BOS,DET,2016-10-29,Away,0,0,0,0,0,0,0,0,0,0,17,11.27,0,0,0,0,2017.0,Danton Heinen,h/heineda01,183.0,165.0,L,C,116.0,2014.0
6,W,21.33,7,BOS,FLA,2016-11-01,Away,0,0,-1,0,0,0,0,0,0,0,14,11.07,1,0,0,0,2017.0,Danton Heinen,h/heineda01,183.0,165.0,L,C,116.0,2014.0
7,L,21.43,8,BOS,TOR,2016-12-10,Home,0,0,-1,0,0,0,0,0,0,0,16,14.0,1,0,0,0,2017.0,Danton Heinen,h/heineda01,183.0,165.0,L,C,116.0,2014.0
0,L,20.33,1,CHI,STL,2016-10-12,Home,0,0,0,0,0,0,0,0,0,0,20,15.48,0,0,0,0,2017.0,Gustav Forsling,f/forslgu02,180.0,176.0,L,D,126.0,2014.0
1,L,20.34,2,CHI,NSH,2016-10-14,Away,0,0,0,0,0,0,0,0,0,0,18,15.88,1,0,0,0,2017.0,Gustav Forsling,f/forslgu02,180.0,176.0,L,D,126.0,2014.0
2,W,20.34,3,CHI,NSH,2016-10-15,Home,0,0,0,0,0,0,0,0,0,0,20,15.95,1,0,0,0,2017.0,Gustav Forsling,f/forslgu02,180.0,176.0,L,D,126.0,2014.0
3,W,20.35,4,CHI,PHI,2016-10-18,Home,0,0,1,0,0,0,0,0,0,0,22,18.75,3,1,0,0,2017.0,Gustav Forsling,f/forslgu02,180.0,176.0,L,D,126.0,2014.0
4,L,20.36,5,CHI,CBJ,2016-10-21,Away,0,1,1,0,0,0,0,0,1,0,22,17.07,0,0,0,0,2017.0,Gustav Forsling,f/forslgu02,180.0,176.0,L,D,126.0,2014.0
5,W,20.36,6,CHI,TOR,2016-10-22,Home,0,0,-2,0,0,0,0,0,0,0,28,23.3,0,2,0,0,2017.0,Gustav Forsling,f/forslgu02,180.0,176.0,L,D,126.0,2014.0
6,L,20.37,7,CHI,CGY,2016-10-24,Home,0,0,0,0,0,0,0,0,0,0,8,6.78,0,0,0,0,2017.0,Gustav Forsling,f/forslgu02,180.0,176.0,L,D,126.0,2014.0
7,W,20.39,8,CHI,CGY,2016-11-01,Home,0,0,0,0,0,0,0,0,0,0,18,16.63,1,1,0,0,2017.0,Gustav Forsling,f/forslgu02,180.0,176.0,L,D,126.0,2014.0
8,W,20.39,9,CHI,COL,2016-11-03,Home,0,0,1,0,0,0,0,0,0,0,20,16.7,1,0,0,0,2017.0,Gustav Forsling,f/forslgu02,180.0,176.0,L,D,126.0,2014.0
9,W,20.4,10,CHI,DAL,2016-11-05,Away,0,0,0,2,0,0,0,0,0,0,27,18.28,0,0,0,0,2017.0,Gustav Forsling,f/forslgu02,180.0,176.0,L,D,126.0,2014.0
10,W,20.4,11,CHI,DAL,2016-11-06,Home,0,0,0,0,0,0,0,0,0,0,19,13.88,0,0,0,0,2017.0,Gustav Forsling,f/forslgu02,180.0,176.0,L,D,126.0,2014.0
11,W,20.41,12,CHI,STL,2016-11-09,Away,0,1,1,0,0,0,0,0,1,0,23,15.2,0,0,0,0,2017.0,Gustav Forsling,f/forslgu02,180.0,176.0,L,D,126.0,2014.0
12,L,20.42,13,CHI,WSH,2016-11-11,Home,0,1,-1,0,0,0,0,1,0,0,22,16.8,0,0,0,0,2017.0,Gustav Forsling,f/forslgu02,180.0,176.0,L,D,126.0,2014.0
13,W,20.42,14,CHI,MTL,2016-11-13,Home,1,0,2,0,1,0,0,0,0,0,22,15.98,2,1,0,0,2017.0,Gustav Forsling,f/forslgu02,180.0,176.0,L,D,126.0,2014.0
14,L,20.43,15,CHI,WPG,2016-11-15,Away,0,0,-1,0,0,0,0,0,0,0,22,16.82,0,0,0,0,2017.0,Gustav Forsling,f/forslgu02,180.0,176.0,L,D,126.0,2014.0
15,W,20.44,16,CHI,CGY,2016-11-18,Away,0,0,-1,0,0,0,0,0,0,0,17,14.97,0,1,0,0,2017.0,Gustav Forsling,f/forslgu02,180.0,176.0,L,D,126.0,2014.0
16,L,20.44,17,CHI,EDM,2016-11-21,Away,0,0,-1,0,0,0,0,0,0,0,24,17.05,1,0,0,0,2017.0,Gustav Forsling,f/forslgu02,180.0,176.0,L,D,126.0,2014.0
17,L,20.45,18,CHI,SJS,2016-11-23,Away,0,0,0,0,0,0,0,0,0,0,17,12.18,1,0,0,0,2017.0,Gustav Forsling,f/forslgu02,180.0,176.0,L,D,126.0,2014.0
18,W,20.45,19,CHI,ANA,2016-11-25,Away,0,0,0,0,0,0,0,0,0,0,20,14.13,0,0,0,0,2017.0,Gustav Forsling,f/forslgu02,180.0,176.0,L,D,126.0,2014.0
19,L,20.46,20,CHI,LAK,2016-11-26,Away,0,0,0,0,0,0,0,0,0,0,20,14.83,0,1,0,0,2017.0,Gustav Forsling,f/forslgu02,180.0,176.0,L,D,126.0,2014.0
20,W,20.47,21,CHI,FLA,2016-11-29,Home,0,0,0,0,0,0,0,0,0,0,17,10.67,0,1,0,0,2017.0,Gustav Forsling,f/forslgu02,180.0,176.0,L,D,126.0,2014.0
21,L,20.48,22,CHI,WPG,2016-12-04,Home,0,0,1,0,0,0,0,0,0,0,20,16.38,0,0,0,0,2017.0,Gustav Forsling,f/forslgu02,180.0,176.0,L,D,126.0,2014.0
22,W,20.48,23,CHI,ARI,2016-12-06,Home,0,0,2,0,0,0,0,0,0,0,19,17.13,1,2,0,0,2017.0,Gustav Forsling,f/forslgu02,180.0,176.0,L,D,126.0,2014.0
23,L,20.49,24,CHI,NYR,2016-12-09,Home,0,0,0,0,0,0,0,0,0,0,16,12.9,0,0,0,0,2017.0,Gustav Forsling,f/forslgu02,180.0,176.0,L,D,126.0,2014.0
24,W,20.5,25,CHI,DAL,2016-12-11,Home,0,0,-1,0,0,0,0,0,0,0,14,10.97,0,0,0,0,2017.0,Gustav Forsling,f/forslgu02,180.0,176.0,L,D,126.0,2014.0
25,W,20.5,26,CHI,NYR,2016-12-13,Away,0,0,1,0,0,0,0,0,0,0,17,11.08,0,0,0,0,2017.0,Gustav Forsling,f/forslgu02,180.0,176.0,L,D,126.0,2014.0
26,W,20.52,27,CHI,STL,2016-12-17,Away,0,0,1,0,0,0,0,0,0,0,17,14.1,1,0,0,0,2017.0,Gustav Forsling,f/forslgu02,180.0,176.0,L,D,126.0,2014.0
27,W,20.52,28,CHI,SJS,2016-12-18,Home,0,0,0,0,0,0,0,0,0,0,16,13.93,1,1,0,0,2017.0,Gustav Forsling,f/forslgu02,180.0,176.0,L,D,126.0,2014.0
28,L,20.52,29,CHI,OTT,2016-12-20,Home,0,0,1,0,0,0,0,0,0,0,20,14.13,0,2,0,0,2017.0,Gustav Forsling,f/forslgu02,180.0,176.0,L,D,126.0,2014.0
29,L,20.53,30,CHI,COL,2016-12-23,Home,0,0,0,0,0,0,0,0,0,0,16,11.13,0,1,0,0,2017.0,Gustav Forsling,f/forslgu02,180.0,176.0,L,D,126.0,2014.0
30,L,20.54,31,CHI,WPG,2016-12-27,Home,0,0,-2,0,0,0,0,0,0,0,20,15.13,0,1,0,0,2017.0,Gustav Forsling,f/forslgu02,180.0,176.0,L,D,126.0,2014.0
31,W,20.57,32,CHI,BUF,2017-01-05,Home,0,0,1,0,0,0,0,0,0,0,16,10.28,0,1,0,0,2017.0,Gustav Forsling,f/forslgu02,180.0,176.0,L,D,126.0,2014.0
0,W,20.91,1,SJS,WSH,2016-11-08,Away,0,0,1,2,0,0,0,0,0,0,18,13.38,0,0,0,0,2017.0,Kevin Labanc,l/labanke01,178.0,186.0,R,R,171.0,2014.0
1,W,20.92,2,SJS,FLA,2016-11-10,Away,0,0,0,0,0,0,0,0,0,0,18,13.45,0,1,0,0,2017.0,Kevin Labanc,l/labanke01,178.0,186.0,R,R,171.0,2014.0
2,W,20.92,3,SJS,TBL,2016-11-12,Away,0,0,1,0,0,0,0,0,0,0,15,11.95,0,0,0,0,2017.0,Kevin Labanc,l/labanke01,178.0,186.0,R,R,171.0,2014.0
3,L,20.93,4,SJS,CAR,2016-11-15,Away,0,0,0,0,0,0,0,0,0,0,16,12.78,3,0,0,0,2017.0,Kevin Labanc,l/labanke01,178.0,186.0,R,R,171.0,2014.0
4,L,20.93,5,SJS,STL,2016-11-17,Away,1,0,0,2,1,0,0,0,0,0,20,15.8,0,0,0,0,2017.0,Kevin Labanc,l/labanke01,178.0,186.0,R,R,171.0,2014.0
5,L,20.94,6,SJS,ARI,2016-11-19,Away,0,0,0,0,0,0,0,0,0,0,14,10.28,1,1,0,0,2017.0,Kevin Labanc,l/labanke01,178.0,186.0,R,R,171.0,2014.0
6,W,20.95,7,SJS,CHI,2016-11-23,Home,0,0,0,0,0,0,0,0,0,0,14,8.7,1,0,0,0,2017.0,Kevin Labanc,l/labanke01,178.0,186.0,R,R,171.0,2014.0
7,W,20.96,8,SJS,NYI,2016-11-25,Home,0,1,1,0,0,0,0,0,1,0,15,11.75,0,0,0,0,2017.0,Kevin Labanc,l/labanke01,178.0,186.0,R,R,171.0,2014.0
8,L,20.96,9,SJS,ANA,2016-11-26,Home,0,1,0,0,0,0,0,0,1,0,20,12.9,0,0,0,0,2017.0,Kevin Labanc,l/labanke01,178.0,186.0,R,R,171.0,2014.0
9,W,20.97,10,SJS,ARI,2016-11-29,Home,0,0,0,2,0,0,0,0,0,0,16,10.92,0,0,0,0,2017.0,Kevin Labanc,l/labanke01,178.0,186.0,R,R,171.0,2014.0
10,W,20.97,11,SJS,LAK,2016-11-30,Away,1,0,1,2,1,0,0,0,0,0,17,10.65,0,0,0,0,2017.0,Kevin Labanc,l/labanke01,178.0,186.0,R,R,171.0,2014.0
11,W,20.98,12,SJS,MTL,2016-12-02,Home,0,0,0,0,0,0,0,0,0,0,14,11.22,0,0,0,0,2017.0,Kevin Labanc,l/labanke01,178.0,186.0,R,R,171.0,2014.0
12,L,20.99,13,SJS,OTT,2016-12-07,Home,0,0,0,0,0,0,0,0,0,0,18,11.72,0,0,0,0,2017.0,Kevin Labanc,l/labanke01,178.0,186.0,R,R,171.0,2014.0
13,L,20.99,14,SJS,ANA,2016-12-09,Away,1,0,0,0,1,0,0,0,0,0,21,15.5,0,0,0,0,2017.0,Kevin Labanc,l/labanke01,178.0,186.0,R,R,171.0,2014.0
14,W,21.0,15,SJS,CAR,2016-12-10,Home,1,0,1,0,1,0,0,0,0,0,18,13.62,1,0,0,0,2017.0,Kevin Labanc,l/labanke01,178.0,186.0,R,R,171.0,2014.0
15,W,21.0,16,SJS,TOR,2016-12-13,Away,0,0,-1,0,0,0,0,0,0,0,24,16.53,0,0,0,0,2017.0,Kevin Labanc,l/labanke01,178.0,186.0,R,R,171.0,2014.0
16,W,21.01,17,SJS,OTT,2016-12-14,Away,0,0,2,0,0,0,0,0,0,0,19,13.05,0,0,0,1,2017.0,Kevin Labanc,l/labanke01,178.0,186.0,R,R,171.0,2014.0
17,W,21.01,18,SJS,MTL,2016-12-16,Away,0,0,0,0,0,0,0,0,0,0,23,15.38,1,0,0,0,2017.0,Kevin Labanc,l/labanke01,178.0,186.0,R,R,171.0,2014.0
18,L,21.02,19,SJS,CHI,2016-12-18,Away,0,0,-2,0,0,0,0,0,0,0,20,12.08,0,0,0,0,2017.0,Kevin Labanc,l/labanke01,178.0,186.0,R,R,171.0,2014.0
19,W,21.02,20,SJS,CGY,2016-12-20,Home,0,0,0,0,0,0,0,0,0,0,21,16.53,0,1,0,0,2017.0,Kevin Labanc,l/labanke01,178.0,186.0,R,R,171.0,2014.0
20,W,21.03,21,SJS,EDM,2016-12-23,Home,2,0,0,0,2,0,0,0,0,0,23,13.57,0,0,0,0,2017.0,Kevin Labanc,l/labanke01,178.0,186.0,R,R,171.0,2014.0
21,W,21.04,22,SJS,ANA,2016-12-27,Away,0,0,0,2,0,0,0,0,0,0,21,15.42,1,0,0,0,2017.0,Kevin Labanc,l/labanke01,178.0,186.0,R,R,171.0,2014.0
22,W,21.05,23,SJS,PHI,2016-12-30,Home,0,1,0,2,0,0,0,1,0,0,21,13.48,0,0,0,1,2017.0,Kevin Labanc,l/labanke01,178.0,186.0,R,R,171.0,2014.0
23,L,21.05,24,SJS,LAK,2016-12-31,Away,1,0,1,0,1,0,0,0,0,0,19,14.75,1,1,0,0,2017.0,Kevin Labanc,l/labanke01,178.0,186.0,R,R,171.0,2014.0
24,L,21.06,25,SJS,LAK,2017-01-03,Home,0,1,0,0,0,0,0,0,1,0,19,16.12,1,0,1,0,2017.0,Kevin Labanc,l/labanke01,178.0,186.0,R,R,171.0,2014.0
25,L,21.07,26,SJS,MIN,2017-01-05,Home,0,1,-2,0,0,0,0,0,1,0,19,11.9,0,0,0,0,2017.0,Kevin Labanc,l/labanke01,178.0,186.0,R,R,171.0,2014.0
26,W,21.07,27,SJS,DET,2017-01-07,Home,0,0,1,0,0,0,0,0,0,0,22,15.65,0,1,0,0,2017.0,Kevin Labanc,l/labanke01,178.0,186.0,R,R,171.0,2014.0
27,W,21.08,28,SJS,EDM,2017-01-10,Away,0,0,1,0,0,0,0,0,0,0,20,15.13,0,0,0,0,2017.0,Kevin Labanc,l/labanke01,178.0,186.0,R,R,171.0,2014.0
28,L,21.08,29,SJS,CGY,2017-01-11,Away,0,0,0,0,0,0,0,0,0,0,22,15.23,0,0,1,0,2017.0,Kevin Labanc,l/labanke01,178.0,186.0,R,R,171.0,2014.0
29,L,21.09,30,SJS,STL,2017-01-14,Home,0,0,-1,0,0,0,0,0,0,0,19,14.03,1,1,0,0,2017.0,Kevin Labanc,l/labanke01,178.0,186.0,R,R,171.0,2014.0
30,W,21.1,31,SJS,WPG,2017-01-16,Home,0,0,0,0,0,0,0,0,0,0,20,14.23,1,2,0,0,2017.0,Kevin Labanc,l/labanke01,178.0,186.0,R,R,171.0,2014.0
31,W,21.1,32,SJS,LAK,2017-01-18,Away,0,0,-1,0,0,0,0,0,0,0,17,10.6,1,1,0,0,2017.0,Kevin Labanc,l/labanke01,178.0,186.0,R,R,171.0,2014.0
32,W,21.1,33,SJS,TBL,2017-01-19,Home,0,1,1,0,0,0,0,0,1,0,21,12.12,0,0,0,0,2017.0,Kevin Labanc,l/labanke01,178.0,186.0,R,R,171.0,2014.0
33,W,21.11,34,SJS,COL,2017-01-21,Home,0,1,1,0,0,0,0,0,1,0,21,15.28,1,0,0,0,2017.0,Kevin Labanc,l/labanke01,178.0,186.0,R,R,171.0,2014.0
34,W,21.12,35,SJS,COL,2017-01-23,Away,0,0,1,0,0,0,0,0,0,0,18,11.75,0,0,0,0,2017.0,Kevin Labanc,l/labanke01,178.0,186.0,R,R,171.0,2014.0
35,W,21.12,36,SJS,WPG,2017-01-24,Away,0,0,0,2,0,0,0,0,0,0,18,11.27,0,0,0,0,2017.0,Kevin Labanc,l/labanke01,178.0,186.0,R,R,171.0,2014.0
36,L,21.12,37,SJS,EDM,2017-01-26,Home,0,0,-1,0,0,0,0,0,0,0,18,14.45,0,0,0,0,2017.0,Kevin Labanc,l/labanke01,178.0,186.0,R,R,171.0,2014.0
0,L,20.99,1,ANA,PIT,2016-11-02,Home,0,0,-1,0,0,0,0,0,0,0,16,8.7,1,0,0,0,2017.0,Ondrej Kase,k/kaseon01,183.0,165.0,R,R,205.0,2014.0
1,W,20.99,2,ANA,ARI,2016-11-04,Home,0,1,1,0,0,0,0,0,1,0,23,16.18,1,0,0,1,2017.0,Ondrej Kase,k/kaseon01,183.0,165.0,R,R,205.0,2014.0
2,L,21.03,3,ANA,LAK,2016-11-20,Home,0,0,0,0,0,0,0,0,0,0,14,10.47,3,0,0,0,2017.0,Ondrej Kase,k/kaseon01,183.0,165.0,R,R,205.0,2014.0
3,L,21.04,4,ANA,NYI,2016-11-22,Home,0,0,-1,0,0,0,0,0,0,0,21,12.88,2,1,0,0,2017.0,Ondrej Kase,k/kaseon01,183.0,165.0,R,R,205.0,2014.0
4,L,21.05,5,ANA,CHI,2016-11-25,Home,0,1,1,0,0,0,0,0,1,0,21,14.35,0,0,0,0,2017.0,Ondrej Kase,k/kaseon01,183.0,165.0,R,R,205.0,2014.0
5,W,21.05,6,ANA,SJS,2016-11-26,Away,0,0,0,0,0,0,0,0,0,0,20,12.33,0,0,0,0,2017.0,Ondrej Kase,k/kaseon01,183.0,165.0,R,R,205.0,2014.0
6,W,21.06,7,ANA,MTL,2016-11-29,Home,0,0,0,0,0,0,0,0,0,0,19,11.48,1,1,0,1,2017.0,Ondrej Kase,k/kaseon01,183.0,165.0,R,R,205.0,2014.0
7,W,21.06,8,ANA,VAN,2016-12-01,Away,1,0,1,0,1,0,0,0,0,0,23,15.52,1,1,0,1,2017.0,Ondrej Kase,k/kaseon01,183.0,165.0,R,R,205.0,2014.0
8,L,21.07,9,ANA,EDM,2016-12-03,Away,0,0,0,0,0,0,0,0,0,0,18,13.93,0,1,0,0,2017.0,Ondrej Kase,k/kaseon01,183.0,165.0,R,R,205.0,2014.0
9,L,21.07,10,ANA,CGY,2016-12-04,Away,0,0,-2,0,0,0,0,0,0,0,24,15.98,0,0,0,0,2017.0,Ondrej Kase,k/kaseon01,183.0,165.0,R,R,205.0,2014.0
10,W,21.08,11,ANA,CAR,2016-12-07,Home,0,1,1,0,0,0,0,0,1,0,22,16.6,1,0,0,0,2017.0,Ondrej Kase,k/kaseon01,183.0,165.0,R,R,205.0,2014.0
11,W,21.08,12,ANA,SJS,2016-12-09,Home,0,0,0,0,0,0,0,0,0,0,24,13.77,1,1,1,0,2017.0,Ondrej Kase,k/kaseon01,183.0,165.0,R,R,205.0,2014.0
12,W,21.09,13,ANA,OTT,2016-12-11,Home,0,1,1,2,0,0,0,0,1,0,22,12.8,0,1,0,0,2017.0,Ondrej Kase,k/kaseon01,183.0,165.0,R,R,205.0,2014.0
13,L,21.1,14,ANA,DAL,2016-12-13,Away,0,0,-1,2,0,0,0,0,0,0,21,14.18,0,0,0,0,2017.0,Ondrej Kase,k/kaseon01,183.0,165.0,R,R,205.0,2014.0
14,W,21.1,15,ANA,BOS,2016-12-15,Away,0,0,0,4,0,0,0,0,0,0,16,7.87,0,0,0,0,2017.0,Ondrej Kase,k/kaseon01,183.0,165.0,R,R,205.0,2014.0
15,L,21.11,16,ANA,DET,2016-12-17,Away,0,0,-1,0,0,0,0,0,0,0,15,11.22,1,1,0,0,2017.0,Ondrej Kase,k/kaseon01,183.0,165.0,R,R,205.0,2014.0
16,W,21.11,17,ANA,TOR,2016-12-19,Away,0,1,1,2,0,0,0,0,1,0,17,9.78,0,0,0,0,2017.0,Ondrej Kase,k/kaseon01,183.0,165.0,R,R,205.0,2014.0
17,L,21.12,18,ANA,MTL,2016-12-20,Away,0,0,-2,0,0,0,0,0,0,0,16,9.45,1,0,0,0,2017.0,Ondrej Kase,k/kaseon01,183.0,165.0,R,R,205.0,2014.0
18,L,21.12,19,ANA,OTT,2016-12-22,Away,0,0,0,0,0,0,0,0,0,0,14,10.5,0,1,0,0,2017.0,Ondrej Kase,k/kaseon01,183.0,165.0,R,R,205.0,2014.0
19,L,21.13,20,ANA,SJS,2016-12-27,Home,1,0,-1,0,1,0,0,0,0,0,22,13.88,2,0,0,0,2017.0,Ondrej Kase,k/kaseon01,183.0,165.0,R,R,205.0,2014.0
20,W,21.14,21,ANA,CGY,2016-12-29,Away,0,0,-1,2,0,0,0,0,0,0,15,9.38,1,0,0,0,2017.0,Ondrej Kase,k/kaseon01,183.0,165.0,R,R,205.0,2014.0
21,L,21.14,22,ANA,VAN,2016-12-30,Away,0,0,0,0,0,0,0,0,0,0,14,7.78,1,0,0,0,2017.0,Ondrej Kase,k/kaseon01,183.0,165.0,R,R,205.0,2014.0
22,W,21.15,23,ANA,PHI,2017-01-01,Home,0,0,-1,0,0,0,0,0,0,0,16,12.2,1,1,0,0,2017.0,Ondrej Kase,k/kaseon01,183.0,165.0,R,R,205.0,2014.0
23,W,21.16,24,ANA,DET,2017-01-04,Home,1,1,2,0,1,0,0,0,1,0,19,11.27,0,0,0,0,2017.0,Ondrej Kase,k/kaseon01,183.0,165.0,R,R,205.0,2014.0
24,W,21.16,25,ANA,ARI,2017-01-06,Home,1,0,1,0,1,0,0,0,0,0,19,11.83,0,0,0,0,2017.0,Ondrej Kase,k/kaseon01,183.0,165.0,R,R,205.0,2014.0
25,L,21.17,26,ANA,MIN,2017-01-08,Home,0,0,0,0,0,0,0,0,0,0,19,10.48,0,0,0,0,2017.0,Ondrej Kase,k/kaseon01,183.0,165.0,R,R,205.0,2014.0
26,W,21.17,27,ANA,DAL,2017-01-10,Home,0,0,0,0,0,0,0,0,0,0,21,15.22,0,1,0,0,2017.0,Ondrej Kase,k/kaseon01,183.0,165.0,R,R,205.0,2014.0
27,W,21.18,28,ANA,COL,2017-01-12,Away,0,0,0,0,0,0,0,0,0,0,18,11.9,1,0,0,0,2017.0,Ondrej Kase,k/kaseon01,183.0,165.0,R,R,205.0,2014.0
28,W,21.18,29,ANA,ARI,2017-01-14,Away,0,1,1,0,0,0,0,0,1,0,15,10.2,2,0,0,0,2017.0,Ondrej Kase,k/kaseon01,183.0,165.0,R,R,205.0,2014.0
29,L,21.19,30,ANA,STL,2017-01-15,Home,0,0,-1,0,0,0,0,0,0,0,16,9.35,0,0,0,0,2017.0,Ondrej Kase,k/kaseon01,183.0,165.0,R,R,205.0,2014.0
30,W,21.19,31,ANA,TBL,2017-01-17,Home,0,0,0,0,0,0,0,0,0,0,13,9.65,0,0,0,0,2017.0,Ondrej Kase,k/kaseon01,183.0,165.0,R,R,205.0,2014.0
31,W,21.2,32,ANA,COL,2017-01-19,Home,0,1,1,0,0,0,0,0,1,0,11,7.12,1,0,0,0,2017.0,Ondrej Kase,k/kaseon01,183.0,165.0,R,R,205.0,2014.0
32,L,21.2,33,ANA,MIN,2017-01-21,Away,0,0,0,0,0,0,0,0,0,0,23,16.75,1,0,0,1,2017.0,Ondrej Kase,k/kaseon01,183.0,165.0,R,R,205.0,2014.0
33,W,21.21,34,ANA,WPG,2017-01-23,Away,0,0,-1,0,0,0,0,0,0,0,17,8.65,0,0,0,0,2017.0,Ondrej Kase,k/kaseon01,183.0,165.0,R,R,205.0,2014.0
34,L,21.21,35,ANA,EDM,2017-01-25,Home,0,0,-1,0,0,0,0,0,0,0,20,14.02,2,0,0,0,2017.0,Ondrej Kase,k/kaseon01,183.0,165.0,R,R,205.0,2014.0
