Year,Name,Order,Team,Pos,Games,TOI,TOIPG
20132014,Ryan Suter,1,MIN,D,82,"2,411",29.40
20132014,Erik Karlsson,2,OTT,D,82,"2,219",27.06
20132014,Brian Campbell,3,FLA,D,82,"2,210",26.95
20132014,Shea Weber,4,NSH,D,79,"2,125",26.90
20132014,Oliver Ekman-Larsson,5,PHO,D,80,"2,071",25.89
20132014,Alex Pietrangelo,6,STL,D,81,"2,054",25.36
20132014,Andrei Markov,7,MON,D,81,"2,044",25.23
20132014,Jack Johnson,8,CLS,D,82,"2,023",24.67
20132014,Andrew MacDonald,9,PHI,D,82,"2,019",24.62
20132014,P.K. Subban,10,MON,D,82,"2,018",24.61
20132014,Andy Greene,11,NJ,D,82,"2,015",24.57
20132014,John Carlson,12,WAS,D,82,"2,010",24.51
20132014,Drew Doughty,13,LA,D,78,"2,005",25.71
20132014,Keith Yandle,14,PHO,D,82,"1,979",24.13
20132014,Jay Bouwmeester,15,STL,D,82,"1,971",24.04
20132014,Alex Goligoski,16,DAL,D,81,"1,969",24.31
20132014,Tobias Enstrom,17,WPG,D,82,"1,959",23.89
20132014,T.J. Brodie,18,CGY,D,81,"1,949",24.06
20132014,Duncan Keith,19,CHI,D,79,"1,947",24.65
20132014,Niklas Kronwall,20,DET,D,79,"1,920",24.30
20132014,Ryan McDonagh,21,NYR,D,77,"1,910",24.81
20132014,Roman Josi,22,NSH,D,72,"1,902",26.42
20132014,Zdeno Chara,23,BOS,D,77,"1,898",24.65
20132014,Dan Hamhuis,24,VAN,D,79,"1,892",23.95
20132014,Christian Ehrhoff,25,BUF,D,79,"1,889",23.91
20132014,Jonas Brodin,26,MIN,D,79,"1,888",23.90
20132014,Dion Phaneuf,27,TOR,D,80,"1,885",23.56
20132014,Dan Girardi,28,NYR,D,81,"1,872",23.11
20132014,Braydon Coburn,29,PHI,D,82,"1,840",22.44
20132014,Erik Johnson,30,COL,D,80,"1,840",23.00
20132014,Slava Voynov,31,LA,D,82,"1,828",22.29
20132014,Brent Seabrook,32,CHI,D,82,"1,825",22.26
20132014,Matthew Carle,33,TB,D,82,"1,819",22.18
20132014,Dustin Byfuglien,34,WPG,D,78,"1,800",23.08
20132014,Justin Faulk,35,CAR,D,76,"1,779",23.41
20132014,Ron Hainsey,36,CAR,D,82,"1,758",21.44
20132014,Dmitry Kulikov,37,FLA,D,81,"1,757",21.69
20132014,Sidney Crosby,38,PIT,C,80,"1,757",21.96
20132014,Marek Zidlicky,39,NJ,D,81,"1,753",21.64
20132014,Andrej Sekera,40,CAR,D,74,"1,752",23.68
20132014,Jan Hejda,41,COL,D,78,"1,741",22.32
20132014,Kevin Bieksa,42,VAN,D,76,"1,730",22.76
20132014,Justin Schultz,43,EDM,D,74,"1,727",23.34
20132014,Travis Hamonic,44,NYI,D,69,"1,726",25.01
20132014,Jeff Petry,45,EDM,D,80,"1,726",21.58
20132014,Matt Niskanen,46,PIT,D,81,"1,724",21.28
20132014,Niklas Hjalmarsson,47,CHI,D,81,"1,723",21.27
20132014,Justin Braun,48,SJ,D,82,"1,720",20.98
20132014,Anze Kopitar,49,LA,C,82,"1,712",20.88
20132014,Kyle Quincey,50,DET,D,82,"1,706",20.80
20132014,James Wisniewski,51,CLS,D,75,"1,696",22.61
20132014,Martin St. Louis,52,NYR,RW,81,"1,696",20.94
20132014,Phil Kessel,53,TOR,RW,82,"1,694",20.66
20132014,Mark Streit,54,PHI,D,82,"1,692",20.63
20132014,Jason Garrison,55,VAN,D,81,"1,692",20.89
20132014,Brenden Dillon,56,DAL,D,80,"1,687",21.09
20132014,Jake Gardiner,57,TOR,D,80,"1,686",21.08
20132014,James van Riemsdyk,58,TOR,LW,80,"1,684",21.05
20132014,Karl Alzner,59,WAS,D,82,"1,683",20.52
20132014,Victor Hedman,60,TB,D,75,"1,682",22.43
20132014,Patrick Marleau,61,SJ,LW,82,"1,682",20.51
20132014,Ryan Kesler,62,VAN,C,77,"1,679",21.81
20132014,Marc-Edouard Vlasic,63,SJ,D,81,"1,677",20.70
20132014,Claude Giroux,64,PHI,C,82,"1,675",20.43
20132014,Cam Fowler,65,ANH,D,70,"1,670",23.86
20132014,Kevin Shattenkirk,66,STL,D,81,"1,666",20.57
20132014,Chris Butler,67,CGY,D,82,"1,661",20.26
20132014,Bryan Little,68,WPG,C,82,"1,640",20.00
20132014,Ryan Getzlaf,69,ANH,C,77,"1,638",21.27
20132014,Cody Franson,70,TOR,D,79,"1,634",20.68
20132014,Ryan Nugent-Hopkins,71,EDM,C,80,"1,631",20.39
20132014,Marc Methot,72,OTT,D,75,"1,631",21.75
20132014,Joe Pavelski,73,SJ,C,82,"1,627",19.84
20132014,Travis Zajac,74,NJ,C,80,"1,624",20.30
20132014,Nicklas Backstrom,75,WAS,C,82,"1,623",19.79
20132014,Francois Beauchemin,76,ANH,D,70,"1,616",23.09
20132014,Mark Giordano,77,CGY,D,64,"1,614",25.22
20132014,Alex Ovechkin,78,WAS,RW,78,"1,602",20.54
20132014,Eric Staal,79,CAR,C,79,"1,602",20.28
20132014,Tomas Plekanec,80,MON,C,81,"1,601",19.77
20132014,Dan Boyle,81,NYI,D,75,"1,596",21.28
20132014,Andre Benoit,82,COL,D,79,"1,596",20.20
20132014,Mike Green,83,WAS,D,70,"1,591",22.73
20132014,Johnny Boychuk,84,BOS,D,75,"1,589",21.19
20132014,Ryan O'Reilly,85,COL,LW,80,"1,585",19.81
20132014,Corey Perry,86,ANH,RW,81,"1,577",19.47
20132014,Antoine Vermette,87,PHO,C,82,"1,575",19.21
20132014,Kris Russell,88,CGY,D,68,"1,573",23.13
20132014,Anton Stralman,89,NYR,D,81,"1,572",19.41
20132014,Jaromir Jagr,90,NJ,RW,82,"1,570",19.15
20132014,Sean Couturier,91,PHI,C,82,"1,565",19.09
20132014,Kimmo Timonen,92,PHI,D,77,"1,565",20.32
20132014,Jordan Eberle,93,EDM,RW,80,"1,563",19.54
20132014,Tom Gilbert,94,FLA,D,73,"1,557",21.33
20132014,Jonathan Toews,95,CHI,C,76,"1,555",20.46
20132014,Jordan Staal,96,CAR,C,82,"1,553",18.94
20132014,Carl Gunnarsson,97,TOR,D,80,"1,552",19.40
20132014,Joe Thornton,98,SJ,C,82,"1,552",18.93
20132014,Jamie Benn,99,DAL,LW,81,"1,551",19.15
20132014,Patrick Sharp,100,CHI,LW,82,"1,548",18.88
20132014,Johnny Oduya,101,CHI,D,77,"1,548",20.10
20132014,Tyler Seguin,102,DAL,C,80,"1,547",19.34
20132014,Thomas Hickey,103,NYI,D,82,"1,547",18.87
20132014,Troy Brouwer,104,WAS,RW,82,"1,545",18.84
20132014,Willie Mitchell,105,LA,D,76,"1,545",20.33
20132014,Tyler Johnson,106,TB,C,82,"1,540",18.78
20132014,Andrew Ladd,107,WPG,LW,78,"1,538",19.72
20132014,Kyle Turris,108,OTT,C,82,"1,535",18.72
20132014,Blake Wheeler,109,WPG,RW,82,"1,532",18.68
20132014,Brad Richards,110,NYR,C,82,"1,532",18.68
20132014,David Krejci,111,BOS,C,80,"1,529",19.11
20132014,Brooks Orpik,112,PIT,D,72,"1,526",21.19
20132014,Jason Pominville,113,MIN,RW,82,"1,524",18.59
20132014,Jared Spurgeon,114,MIN,D,67,"1,516",22.63
20132014,Hampus Lindholm,115,ANH,D,78,"1,515",19.42
20132014,Ben Lovejoy,116,ANH,D,78,"1,512",19.38
20132014,Gabriel Landeskog,117,COL,LW,81,"1,512",18.67
20132014,Seth Jones,118,NSH,D,77,"1,510",19.61
20132014,Thomas Vanek,119,MON,LW,78,"1,509",19.35
20132014,Tyler Ennis,120,BUF,C,80,"1,508",18.85
20132014,Daniel Sedin,121,VAN,LW,73,"1,504",20.60
20132014,Taylor Hall,122,EDM,LW,75,"1,501",20.01
20132014,T.J. Oshie,123,STL,C,79,"1,499",18.97
20132014,Valtteri Filppula,124,TB,C,75,"1,498",19.97
20132014,Robyn Regehr,125,LA,D,79,"1,497",18.95
20132014,Andrew Ference,126,EDM,D,71,"1,495",21.06
20132014,Chris Higgins,127,VAN,LW,78,"1,495",19.17
20132014,Chris Kunitz,128,PIT,LW,78,"1,494",19.15
20132014,Steve Ott,129,STL,C,82,"1,494",18.22
20132014,Jordie Benn,130,DAL,D,78,"1,494",19.15
20132014,David Perron,131,EDM,LW,78,"1,491",19.12
20132014,Nicklas Grossmann,132,PHI,D,78,"1,490",19.10
20132014,Mike Fisher,133,NSH,C,75,"1,481",19.75
20132014,Derek Stepan,134,NYR,C,82,"1,480",18.05
20132014,Marc Staal,135,NYR,D,72,"1,478",20.53
20132014,Fedor Tyutin,136,CLS,D,69,"1,477",21.41
20132014,Alexander Edler,137,VAN,D,63,"1,467",23.29
20132014,Frans Nielsen,138,NYI,C,80,"1,467",18.34
20132014,Jason Demers,139,SJ,D,75,"1,461",19.48
20132014,Ondrej Palat,140,TB,LW,81,"1,460",18.02
20132014,Jacob Trouba,141,WPG,D,65,"1,458",22.43
20132014,Kyle Okposo,142,NYI,RW,71,"1,450",20.42
20132014,Ryan Johansen,143,CLS,C,82,"1,447",17.65
20132014,Henrik Sedin,144,VAN,C,70,"1,447",20.67
20132014,David Backes,145,STL,C,74,"1,446",19.54
20132014,Jake Muzzin,146,LA,D,76,"1,446",19.03
20132014,Brian Gionta,147,MON,RW,81,"1,445",17.84
20132014,Milan Michalek,148,OTT,LW,82,"1,442",17.59
20132014,Olli Maatta,149,PIT,D,78,"1,442",18.49
20132014,Patrice Bergeron,150,BOS,C,80,"1,439",17.99
20132014,Mike Ribeiro,151,PHO,C,80,"1,439",17.99
20132014,Dainius Zubrus,152,NJ,C,82,"1,439",17.55
20132014,Radim Vrbata,153,PHO,RW,80,"1,436",17.95
20132014,Marco Scandella,154,MIN,D,76,"1,429",18.80
20132014,Mikkel Boedker,155,PHO,LW,82,"1,428",17.41
20132014,Brandon Dubinsky,156,CLS,C,76,"1,426",18.76
20132014,Mason Raymond,157,TOR,LW,82,"1,422",17.34
20132014,Nathan MacKinnon,158,COL,C,82,"1,422",17.34
20132014,Jarome Iginla,159,BOS,RW,78,"1,420",18.21
20132014,Trevor Daley,160,DAL,D,67,"1,416",21.13
20132014,Barret Jackman,161,STL,D,79,"1,416",17.92
20132014,Jakub Voracek,162,PHI,RW,82,"1,414",17.24
20132014,Jiri Hudler,163,CGY,RW,75,"1,413",18.84
20132014,Matt Read,164,PHI,RW,75,"1,409",18.79
20132014,David Legwand,165,DET,C,83,"1,409",16.98
20132014,Mikael Backlund,166,CGY,C,76,"1,408",18.53
20132014,Danny DeKeyser,167,DET,D,65,"1,406",21.63
20132014,Cody Eakin,168,DAL,C,81,"1,403",17.32
20132014,Marcus Johansson,169,WAS,C,80,"1,403",17.54
20132014,Jaden Schwartz,170,STL,LW,80,"1,402",17.53
20132014,Josh Gorges,171,MON,D,66,"1,401",21.23
20132014,Radko Gudas,172,TB,D,73,"1,396",19.12
20132014,Olli Jokinen,173,WPG,C,82,"1,395",17.01
20132014,Jared Cowen,174,OTT,D,68,"1,394",20.50
20132014,Clarke MacArthur,175,OTT,LW,79,"1,393",17.63
20132014,Mike Richards,176,LA,C,82,"1,392",16.98
20132014,Jamie McBain,177,BUF,D,69,"1,391",20.16
20132014,Milan Lucic,178,BOS,LW,80,"1,390",17.38
20132014,Justin Williams,179,LA,RW,82,"1,390",16.95
20132014,Adam Henrique,180,NJ,C,77,"1,390",18.05
20132014,Torey Krug,181,BOS,D,79,"1,383",17.51
20132014,Alexander Steen,182,STL,LW,68,"1,379",20.28
20132014,Wayne Simmonds,183,PHI,RW,82,"1,375",16.77
20132014,Alex Killorn,184,TB,LW,82,"1,375",16.77
20132014,Tomas Fleischmann,185,FLA,LW,80,"1,369",17.11
20132014,Zach Parise,186,MIN,LW,67,"1,368",20.42
20132014,Jason Spezza,187,OTT,C,75,"1,365",18.20
20132014,Jeff Carter,188,LA,RW,72,"1,364",18.94
20132014,Mikko Koivu,189,MIN,C,65,"1,360",20.92
20132014,David Desharnais,190,MON,C,79,"1,358",17.19
20132014,Tyler Myers,191,BUF,D,62,"1,357",21.89
20132014,Nazem Kadri,192,TOR,C,78,"1,356",17.38
20132014,Patrick Kane,193,CHI,RW,69,"1,353",19.61
20132014,Eric Brewer,194,TB,D,77,"1,351",17.55
20132014,Michael Frolik,195,WPG,RW,81,"1,350",16.67
20132014,Max Pacioretty,196,MON,LW,73,"1,349",18.48
20132014,Lee Stempniak,197,PIT,RW,73,"1,347",18.45
20132014,Matt Moulson,198,MIN,LW,75,"1,347",17.96
20132014,Chris Phillips,199,OTT,D,70,"1,345",19.21
20132014,Artem Anisimov,200,CLS,C,81,"1,344",16.59
20132014,Nick Leddy,201,CHI,D,82,"1,342",16.37
20132014,Sergei Gonchar,202,DAL,D,76,"1,338",17.61
20132014,Kevin Klein,203,NYR,D,77,"1,334",17.32
20132014,Teddy Purcell,204,TB,RW,81,"1,333",16.46
20132014,Mike Weaver,205,MON,D,72,"1,330",18.47
20132014,Brad Boyes,206,FLA,RW,78,"1,329",17.04
20132014,Nathan Gerbe,207,CAR,LW,81,"1,328",16.40
20132014,Christopher Tanev,208,VAN,D,64,"1,327",20.73
20132014,Ladislav Smid,209,CGY,D,73,"1,323",18.12
20132014,Mats Zuccarello,210,NYR,LW,77,"1,319",17.13
20132014,Mark Fayne,211,NJ,D,72,"1,318",18.31
20132014,Joel Ward,212,WAS,RW,82,"1,317",16.06
20132014,Scott Hartnell,213,PHI,LW,78,"1,316",16.87
20132014,Marian Hossa,214,CHI,RW,72,"1,315",18.26
20132014,Matt Duchene,215,COL,C,71,"1,313",18.49
20132014,Kyle Brodziak,216,MIN,C,81,"1,313",16.21
20132014,Ryan Murray,217,CLS,D,66,"1,311",19.86
20132014,Max Talbot,218,COL,RW,81,"1,308",16.15
20132014,Brad Marchand,219,BOS,LW,82,"1,307",15.94
20132014,Cody Hodgson,220,BUF,C,72,"1,306",18.14
20132014,Shane Doan,221,PHO,RW,69,"1,306",18.93
20132014,Luke Schenn,222,PHI,D,79,"1,306",16.53
20132014,Brendan Smith,223,DET,D,71,"1,305",18.38
20132014,Paul Stastny,224,COL,C,71,"1,305",18.38
20132014,Drew Stafford,225,BUF,RW,70,"1,304",18.63
20132014,Craig Smith,226,NSH,C,79,"1,295",16.39
20132014,Alexander Semin,227,CAR,RW,65,"1,294",19.91
20132014,Michael Ryder,228,NJ,RW,82,"1,294",15.78
20132014,Brendan Gallagher,229,MON,RW,81,"1,293",15.96
20132014,Brayden Schenn,230,PHI,LW,82,"1,291",15.74
20132014,Sami Salo,231,TB,D,71,"1,291",18.18
20132014,Morgan Rielly,232,TOR,D,73,"1,287",17.63
20132014,Ryan Ellis,233,NSH,D,80,"1,285",16.06
20132014,Mark Stuart,234,WPG,D,69,"1,285",18.62
20132014,Patric Hornqvist,235,NSH,RW,76,"1,281",16.86
20132014,Derick Brassard,236,NYR,C,81,"1,279",15.79
20132014,Evander Kane,237,WPG,LW,63,"1,278",20.29
20132014,Brandon Sutter,238,PIT,C,81,"1,277",15.77
20132014,Michael Stone,239,PHO,D,70,"1,274",18.20
20132014,Zack Smith,240,OTT,C,82,"1,273",15.52
20132014,Joffrey Lupul,241,TOR,LW,69,"1,273",18.45
20132014,Jussi Jokinen,242,PIT,C,81,"1,271",15.69
20132014,Brandon Saad,243,CHI,LW,78,"1,270",16.28
20132014,Jason Chimera,244,WAS,LW,82,"1,264",15.41
20132014,Matt Cooke,245,MIN,LW,82,"1,263",15.40
20132014,Andrew Cogliano,246,ANH,C,82,"1,262",15.39
20132014,Patrik Berglund,247,STL,C,78,"1,261",16.17
20132014,Zach Bogosian,248,WPG,D,55,"1,260",22.91
20132014,Andrew Shaw,249,CHI,C,80,"1,255",15.69
20132014,John Tavares,250,NYI,C,59,"1,253",21.24
20132014,Dustin Brown,251,LA,LW,79,"1,251",15.84
20132014,Michael Cammalleri,252,CGY,C,63,"1,250",19.84
20132014,Matt Bartkowski,253,BOS,D,64,"1,250",19.53
20132014,Nick Bonino,254,ANH,C,77,"1,249",16.22
20132014,David Savard,255,CLS,D,70,"1,248",17.83
20132014,Roman Polak,256,STL,D,72,"1,248",17.33
20132014,Cam Atkinson,257,CLS,RW,79,"1,247",15.78
20132014,Jamie McGinn,258,COL,LW,79,"1,246",15.77
20132014,Tommy Wingels,259,SJ,RW,77,"1,240",16.10
20132014,Jarret Stoll,260,LA,C,78,"1,237",15.86
20132014,Zbynek Michalek,261,PHO,D,59,"1,237",20.97
20132014,Nick Bjugstad,262,FLA,C,76,"1,232",16.21
20132014,Colin Wilson,263,NSH,LW,81,"1,232",15.21
20132014,Sam Gagner,264,EDM,C,67,"1,231",18.37
20132014,Logan Couture,265,SJ,C,65,"1,230",18.92
20132014,Lars Eller,266,MON,C,77,"1,229",15.96
20132014,Derek Morris,267,PHO,D,63,"1,225",19.44
20132014,Dougie Hamilton,268,BOS,D,64,"1,222",19.09
20132014,John Mitchell,269,COL,C,75,"1,220",16.27
20132014,Jeff Skinner,270,CAR,LW,71,"1,220",17.18
20132014,Josh Bailey,271,NYI,LW,77,"1,219",15.83
20132014,Henrik Tallinder,272,BUF,D,64,"1,215",18.98
20132014,Martin Hanzal,273,PHO,C,65,"1,214",18.68
20132014,Tyler Bozak,274,TOR,C,58,"1,214",20.93
20132014,Ryan Callahan,275,TB,RW,65,"1,212",18.65
20132014,Mike Weber,276,BUF,D,68,"1,211",17.81
20132014,Scottie Upshall,277,FLA,RW,76,"1,210",15.92
20132014,Marcel Goc,278,PIT,C,74,"1,208",16.32
20132014,Reilly Smith,279,BOS,RW,82,"1,205",14.70
20132014,Mark Letestu,280,CLS,C,82,"1,204",14.68
20132014,Evgeni Malkin,281,PIT,C,60,"1,203",20.05
20132014,Sean Monahan,282,CGY,C,75,"1,198",15.97
20132014,Charlie Coyle,283,MIN,C,70,"1,196",17.09
20132014,Ales Hemsky,284,OTT,RW,75,"1,196",15.95
20132014,R.J. Umberger,285,CLS,LW,74,"1,196",16.16
20132014,Jay McClement,286,TOR,C,81,"1,195",14.75
20132014,Alex Chiasson,287,DAL,RW,79,"1,194",15.11
20132014,Matt Cullen,288,NSH,C,77,"1,193",15.49
20132014,Bryan Allen,289,ANH,D,68,"1,193",17.54
20132014,Tyson Barrie,290,COL,D,64,"1,186",18.53
20132014,Valeri Nichushkin,291,DAL,RW,79,"1,182",14.96
20132014,Bobby Ryan,292,OTT,LW,70,"1,180",16.86
20132014,Nate Guenin,293,COL,D,68,"1,174",17.26
20132014,Eric Nystrom,294,NSH,LW,79,"1,173",14.85
20132014,Kris Versteeg,295,CHI,LW,81,"1,171",14.46
20132014,Daniel Winnik,296,ANH,LW,76,"1,169",15.38
20132014,Erik Gudbranson,297,FLA,D,65,"1,168",17.97
20132014,Brad Stuart,298,SJ,D,61,"1,168",19.15
20132014,Matt Irwin,299,SJ,D,62,"1,166",18.81
20132014,Patrik Elias,300,NJ,LW,65,"1,162",17.88
20132014,Brent Burns,301,SJ,RW,69,"1,160",16.81
20132014,Drew Miller,302,DET,LW,82,"1,159",14.13
20132014,Dwight King,303,LA,LW,77,"1,158",15.04
20132014,Matt Stajan,304,CGY,C,63,"1,157",18.37
20132014,David Moss,305,PHO,RW,79,"1,157",14.65
20132014,Michael Del Zotto,306,NSH,D,67,"1,152",17.19
20132014,Daniel Alfredsson,307,DET,RW,68,"1,151",16.93
20132014,Joe Colborne,308,CGY,C,80,"1,141",14.26
20132014,Nino Niederreiter,309,MIN,RW,81,"1,141",14.09
20132014,Brian Flynn,310,BUF,C,79,"1,139",14.42
20132014,Jakub Kindl,311,DET,D,66,"1,137",17.23
20132014,Nick Spaling,312,NSH,C,71,"1,137",16.01
20132014,Erik Cole,313,DAL,RW,75,"1,137",15.16
20132014,Alexei Emelin,314,MON,D,59,"1,136",19.25
20132014,Nikolai Kulemin,315,TOR,LW,70,"1,135",16.21
20132014,John Moore,316,NYR,D,74,"1,134",15.32
20132014,Raphael Diaz,317,NYR,D,63,"1,132",17.97
20132014,Jay Harrison,318,CAR,D,68,"1,130",16.62
20132014,Devin Setoguchi,319,WPG,RW,75,"1,129",15.05
20132014,Nikita Nikitin,320,CLS,D,66,"1,129",17.11
20132014,Dany Heatley,321,MIN,RW,76,"1,126",14.82
20132014,Nick Schultz,322,CLS,D,69,"1,125",16.30
20132014,Nick Foligno,323,CLS,LW,70,"1,124",16.06
20132014,Marcus Kruger,324,CHI,C,81,"1,123",13.86
20132014,Brett Bellemore,325,CAR,D,64,"1,118",17.47
20132014,Carl Hagelin,326,NYR,LW,72,"1,118",15.53
20132014,Marcus Foligno,327,BUF,LW,74,"1,114",15.05
20132014,Jannik Hansen,328,VAN,RW,71,"1,112",15.66
20132014,Ryan Smyth,329,EDM,LW,72,"1,110",15.42
20132014,Tuomo Ruutu,330,NJ,LW,76,"1,107",14.57
20132014,Rick Nash,331,NYR,LW,65,"1,106",17.02
20132014,Patrick Dwyer,332,CAR,RW,75,"1,098",14.64
20132014,Boyd Gordon,333,EDM,C,74,"1,091",14.74
20132014,Mikael Granlund,334,MIN,C,63,"1,091",17.32
20132014,James Neal,335,PIT,LW,59,"1,088",18.44
20132014,Brad Richardson,336,VAN,C,73,"1,087",14.89
20132014,Brian Lashoff,337,DET,D,75,"1,082",14.43
20132014,Jonathan Huberdeau,338,FLA,LW,69,"1,080",15.65
20132014,Antoine Roussel,339,DAL,LW,81,"1,079",13.32
20132014,Eric Fehr,340,WAS,RW,73,"1,076",14.74
20132014,Benoit Pouliot,341,NYR,LW,80,"1,075",13.44
20132014,Calvin de Haan,342,NYI,D,51,"1,072",21.02
20132014,Zemgus Girgensons,343,BUF,C,70,"1,072",15.31
20132014,Justin Abdelkader,344,DET,LW,70,"1,069",15.27
20132014,Casey Cizikas,345,NYI,C,80,"1,069",13.36
20132014,Dmitry Orlov,346,WAS,D,54,"1,058",19.59
20132014,Vincent Lecavalier,347,PHI,C,69,"1,048",15.19
20132014,Tomas Tatar,348,DET,LW,73,"1,047",14.34
20132014,Brian Boyle,349,NYR,C,82,"1,046",12.76
20132014,Cal Clutterbuck,350,NYI,RW,73,"1,046",14.33
20132014,Colin Greening,351,OTT,LW,76,"1,044",13.74
20132014,Dennis Wideman,352,CGY,D,46,"1,043",22.67
20132014,Nate Thompson,353,TB,C,81,"1,042",12.86
20132014,Mattias Ekholm,354,NSH,D,62,"1,042",16.81
20132014,Carl Soderberg,355,BOS,LW,73,"1,040",14.25
20132014,Chris Kreider,356,NYR,LW,66,"1,038",15.73
20132014,Paul Gaustad,357,NSH,C,75,"1,035",13.80
20132014,Jiri Tlusty,358,CAR,LW,68,"1,031",15.16
20132014,Mark Scheifele,359,WPG,C,63,"1,030",16.35
20132014,Lauri Korpikoski,360,PHO,LW,64,"1,028",16.06
20132014,Martin Erat,361,PHO,RW,70,"1,027",14.67
20132014,Brock Nelson,362,NYI,C,72,"1,026",14.25
20132014,Gabriel Bourque,363,NSH,LW,74,"1,024",13.84
20132014,Sean Bergenheim,364,FLA,LW,62,"1,023",16.50
20132014,Cory Conacher,365,BUF,LW,79,"1,022",12.94
20132014,Craig Adams,366,PIT,RW,82,"1,021",12.45
20132014,Derek Roy,367,STL,C,75,"1,021",13.61
20132014,Vladimir Sobotka,368,STL,C,61,"1,021",16.74
20132014,Jonathan Ericsson,369,DET,D,48,"1,019",21.23
20132014,Eric Gelinas,370,NJ,D,60,"1,015",16.92
20132014,Boone Jenner,371,CLS,C,72,"1,013",14.07
20132014,Vernon Fiddler,372,DAL,C,76,"1,009",13.28
20132014,Loui Eriksson,373,BOS,RW,61,"1,008",16.52
20132014,Nick Holden,374,COL,D,54,"1,008",18.67
20132014,Shawn Matthias,375,VAN,C,77,"1,002",13.01
20132014,Rob Scuderi,376,PIT,D,53,"1,002",18.91
20132014,Jon Merrill,377,NJ,D,52,999,19.21
20132014,Eric Gryba,378,OTT,D,57,998,17.51
20132014,Scott Hannan,379,SJ,D,56,995,17.77
20132014,Shawn Horcoff,380,DAL,C,77,990,12.86
20132014,Mika Zibanejad,381,OTT,C,69,988,14.32
20132014,Lance Bouma,382,CGY,LW,78,983,12.60
20132014,Matt Hendricks,383,EDM,C,77,980,12.73
20132014,Ryan Garbutt,384,DAL,C,75,979,13.05
20132014,Saku Koivu,385,ANH,C,65,978,15.05
20132014,Gregory Campbell,386,BOS,C,82,976,11.90
20132014,Vladimir Tarasenko,387,STL,RW,64,971,15.17
20132014,Steve Bernier,388,NJ,RW,78,970,12.44
20132014,Dustin Penner,389,WAS,LW,67,969,14.46
20132014,Trevor Lewis,390,LA,C,73,967,13.25
20132014,Ray Whitney,391,DAL,LW,69,963,13.96
20132014,Gustav Nyquist,392,DET,C,57,960,16.84
20132014,Paul Martin,393,PIT,D,39,958,24.56
20132014,Alec Martinez,394,LA,D,61,956,15.67
20132014,Mathieu Perreault,395,ANH,C,69,956,13.86
20132014,Ben Smith,396,CHI,RW,75,955,12.73
20132014,Rich Peverley,397,DAL,C,62,953,15.37
20132014,Johan Franzen,398,DET,RW,54,953,17.65
20132014,Anton Belov,399,EDM,D,57,951,16.68
20132014,Zack Kassian,400,VAN,RW,73,943,12.92
20132014,Ryan Stanton,401,VAN,D,64,941,14.70
20132014,Matt Martin,402,NYI,LW,79,940,11.90
20132014,Anton Volchenkov,403,NJ,D,56,939,16.77
20132014,Matt Donovan,404,NYI,D,52,939,18.06
20132014,Alex Galchenyuk,405,MON,C,65,935,14.38
20132014,P.A. Parenteau,406,COL,RW,55,932,16.95
20132014,Tim Gleason,407,TOR,D,56,931,16.63
20132014,Matthew Nieto,408,SJ,LW,66,929,14.08
20132014,Riley Nash,409,CAR,C,73,924,12.66
20132014,Andrej Meszaros,410,BOS,D,52,924,17.77
20132014,Henrik Zetterberg,411,DET,C,45,924,20.53
20132014,Aleksander Barkov,412,FLA,C,54,923,17.09
20132014,Paul Ranger,413,TOR,D,53,923,17.42
20132014,Cory Sarich,414,COL,D,54,922,17.07
20132014,Francis Bouillon,415,MON,D,52,919,17.67
20132014,Mikhail Grabovski,416,WAS,C,58,913,15.74
20132014,Pavel Datsyuk,417,DET,C,45,912,20.27
20132014,Mike Santorelli,418,VAN,C,49,909,18.55
20132014,Michael Grabner,419,NYI,RW,64,908,14.19
20132014,David Clarkson,420,TOR,RW,60,906,15.10
20132014,T.J. Galiardi,421,CGY,LW,62,905,14.60
20132014,Teemu Selanne,422,ANH,RW,64,904,14.13
20132014,Andrew Desjardins,423,SJ,C,81,902,11.14
20132014,Matt Calvert,424,CLS,LW,56,901,16.09
20132014,Nail Yakupov,425,EDM,RW,63,901,14.30
20132014,Joakim Andersson,426,DET,C,65,898,13.82
20132014,Chris Neil,427,OTT,RW,76,897,11.80
20132014,Kris Letang,428,PIT,D,37,896,24.22
20132014,Rene Bourque,429,MON,LW,63,893,14.17
20132014,David Booth,430,VAN,LW,66,889,13.47
20132014,Erik Condra,431,OTT,RW,76,885,11.64
20132014,Michael Raffl,432,PHI,LW,68,883,12.99
20132014,Andrei Loktionov,433,CAR,C,68,883,12.99
20132014,Daniel Briere,434,MON,C,69,881,12.77
20132014,Viktor Stalberg,435,NSH,LW,70,880,12.57
20132014,Brooks Laich,436,WAS,C,51,879,17.24
20132014,Ryan Murphy,437,CAR,D,48,877,18.27
20132014,Steve Downie,438,PHI,RW,62,874,14.10
20132014,Alexandre Burrows,439,VAN,RW,49,873,17.82
20132014,Patrick Wiercioch,440,OTT,D,53,867,16.36
20132014,Colin McDonald,441,NYI,RW,70,867,12.39
20132014,Adam Pardy,442,WPG,D,60,865,14.42
20132014,Todd Bertuzzi,443,DET,RW,59,864,14.64
20132014,Mark Pysyk,444,BUF,D,44,863,19.61
20132014,Chris Stewart,445,BUF,RW,63,862,13.68
20132014,Dominic Moore,446,NYR,C,73,855,11.71
20132014,Tyler Kennedy,447,SJ,LW,67,852,12.72
20132014,Kyle Palmieri,448,ANH,RW,71,847,11.93
20132014,Matt D'Agostini,449,BUF,RW,57,846,14.84
20132014,Brenden Morrow,450,STL,LW,71,845,11.90
20132014,Brian Strait,451,NYI,D,47,843,17.94
20132014,Cody Ceci,452,OTT,D,49,843,17.20
20132014,Martin Marincin,453,EDM,D,44,843,19.16
20132014,Dalton Prout,454,CLS,D,49,843,17.20
20132014,Brandon Bollig,455,CHI,LW,82,842,10.27
20132014,Elias Lindholm,456,CAR,C,58,842,14.52
20132014,Clayton Stoner,457,MIN,D,63,839,13.32
20132014,Ville Leino,458,BUF,LW,58,837,14.43
20132014,Sami Vatanen,459,ANH,D,48,837,17.44
20132014,Chris Kelly,460,BOS,C,57,837,14.68
20132014,Robert Bortuzzo,461,PIT,D,54,835,15.46
20132014,Stephen Gionta,462,NJ,RW,66,822,12.45
20132014,J.T. Brown,463,TB,RW,63,821,13.03
20132014,Kevan Miller,464,BOS,D,47,820,17.45
20132014,Rob Klinkhammer,465,PHO,LW,72,818,11.36
20132014,James Sheppard,466,SJ,C,67,815,12.16
20132014,Damien Brunner,467,NJ,RW,60,812,13.53
20132014,Bryce Salvador,468,NJ,D,40,811,20.28
20132014,Justin Fontaine,469,MIN,RW,66,809,12.26
20132014,Michal Handzus,470,CHI,C,59,805,13.64
20132014,John-Michael Liles,471,CAR,D,41,805,19.63
20132014,Tyler Toffoli,472,LA,RW,62,803,12.95
20132014,Marc-Andre Cliche,473,COL,RW,76,802,10.55
20132014,Manny Malhotra,474,CAR,C,69,800,11.59
20132014,Derek MacKenzie,475,CLS,C,71,799,11.25
20132014,Maxim Lapierre,476,STL,C,71,792,11.15
20132014,Tanner Glass,477,PIT,LW,67,789,11.78
20132014,Daniel Paille,478,BOS,LW,72,789,10.96
20132014,David Schlemko,479,PHO,D,48,787,16.40
20132014,Adam Hall,480,PHI,RW,80,787,9.84
20132014,Luke Glendening,481,DET,C,56,779,13.91
20132014,Tomas Kopecky,482,FLA,RW,49,778,15.88
20132014,Kyle Chipchura,483,PHO,C,80,777,9.71
20132014,Nate Prosser,484,MIN,D,53,769,14.51
20132014,Victor Bartley,485,NSH,D,50,768,15.36
20132014,Stephane Robidas,486,ANH,D,38,766,20.16
20132014,Patrick Maroon,487,ANH,LW,62,763,12.31
20132014,Douglas Murray,488,MON,D,53,760,14.34
20132014,Travis Moen,489,MON,LW,65,749,11.52
20132014,Steven Stamkos,490,TB,C,37,749,20.24
20132014,David Jones,491,CGY,RW,48,742,15.46
20132014,Dennis Seidenberg,492,BOS,D,34,742,21.82
20132014,Jakob Silfverberg,493,ANH,RW,52,741,14.25
20132014,Blake Comeau,494,CLS,LW,61,735,12.05
20132014,Cody McLeod,495,COL,LW,71,733,10.32
20132014,Deryk Engelland,496,PIT,D,56,730,13.04
20132014,Torrey Mitchell,497,BUF,RW,67,728,10.87
20132014,Drayson Bowman,498,CAR,LW,70,724,10.34
20132014,Kyle Clifford,499,LA,LW,71,722,10.17
20132014,Daniel Cleary,500,DET,RW,52,722,13.88
20132014,Mark Barberio,501,TB,D,49,714,14.57
20132014,Keaton Ellerby,502,WPG,D,51,709,13.90
20132014,Jeff Halpern,503,PHO,C,69,709,10.28
20132014,Martin Havlat,504,SJ,RW,48,706,14.71
20132014,Ryan Carter,505,NJ,C,62,702,11.32
20132014,Michal Rozsival,506,CHI,D,42,699,16.64
20132014,Peter Regin,507,CHI,C,61,697,11.43
20132014,Jay Beagle,508,WAS,C,62,697,11.24
20132014,Marian Gaborik,509,LA,RW,41,697,17.00
20132014,Ian Cole,510,STL,D,46,693,15.07
20132014,Ryane Clowe,511,NJ,LW,43,693,16.12
20132014,Pascal Dupuis,512,PIT,LW,39,690,17.69
20132014,Matt Beleskey,513,ANH,LW,55,683,12.42
20132014,Nikita Kucherov,514,TB,RW,52,681,13.10
20132014,Andrej Sustr,515,TB,D,43,679,15.79
20132014,Dylan Olsen,516,FLA,D,44,679,15.43
20132014,Paul Byron,517,CGY,C,47,678,14.43
20132014,Ryan Malone,518,TB,LW,57,671,11.77
20132014,Curtis Glencross,519,CGY,LW,38,669,17.61
20132014,Bryan Bickell,520,CHI,LW,59,669,11.34
20132014,Brandon Prust,521,MON,LW,52,666,12.81
20132014,Jesse Winchester,522,FLA,C,52,662,12.73
20132014,Tom Wilson,523,WAS,RW,82,650,7.93
20132014,Rasmus Ristolainen,524,BUF,D,34,649,19.09
20132014,Taylor Pyatt,525,PIT,LW,56,648,11.57
20132014,Mark Fraser,526,EDM,D,42,645,15.36
20132014,Radek Dvorak,527,CAR,RW,60,638,10.63
20132014,Darren Helm,528,DET,C,42,637,15.17
20132014,Matt Carkner,529,NYI,D,53,635,11.98
20132014,Brandon Pirri,530,FLA,C,49,635,12.96
20132014,Richard Panik,531,TB,RW,50,634,12.68
20132014,Grant Clitsome,532,WPG,D,32,633,19.78
20132014,Michael Bournival,533,MON,LW,60,619,10.32
20132014,Sheldon Brookbank,534,CHI,D,48,618,12.88
20132014,Mark Arcobello,535,EDM,C,41,618,15.07
20132014,Peter Harrold,536,NJ,D,33,616,18.67
20132014,Keith Ballard,537,MIN,D,45,612,13.60
20132014,Riley Sheahan,538,DET,C,42,606,14.43
20132014,Scott Gomez,539,FLA,C,46,604,13.13
20132014,Jimmy Hayes,540,FLA,RW,55,603,10.96
20132014,Matt Greene,541,LA,D,38,603,15.87
20132014,Ed Jovanovski,542,FLA,D,37,598,16.16
20132014,Yannick Weber,543,VAN,D,49,583,11.90
20132014,Joe Vitale,544,PIT,C,53,581,10.96
20132014,John Erskine,545,WAS,D,37,577,15.59
20132014,Jordan Nolan,546,LA,C,64,576,9.00
20132014,Simon Despres,547,PIT,D,34,569,16.74
20132014,Tomas Hertl,548,SJ,LW,37,567,15.32
20132014,James Wright,549,WPG,C,59,565,9.58
20132014,Patrick Bordeleau,550,COL,LW,82,564,6.88
20132014,Magnus Paajarvi,551,STL,LW,55,563,10.24
20132014,Derek Dorsett,552,NYR,RW,51,562,11.02
20132014,Ryan Strome,553,NYI,C,37,562,15.19
20132014,Shawn Thornton,554,BOS,LW,64,562,8.78
20132014,B.J. Crombeen,555,TB,RW,55,559,10.16
20132014,Nathan Horton,556,CLS,RW,36,556,15.44
20132014,Kevin Connauton,557,DAL,D,36,551,15.31
20132014,Erik Gustafsson,558,PHI,D,31,543,17.52
20132014,Connor Carrick,559,WAS,D,34,543,15.97
20132014,Nate Schmidt,560,WAS,D,29,542,18.69
20132014,Connor Murphy,561,PHO,D,30,539,17.97
20132014,Ryan Reaves,562,STL,RW,63,536,8.51
20132014,Dan Carcillo,563,NYR,LW,57,529,9.28
20132014,Matt Frattin,564,CLS,RW,44,528,12.00
20132014,Mark Fistric,565,ANH,D,34,523,15.38
20132014,Matt Halischuk,566,WPG,RW,46,521,11.33
20132014,Philip Larsen,567,EDM,D,30,515,17.17
20132014,Zac Rinaldo,568,PHI,RW,67,515,7.69
20132014,Dale Weise,569,MON,RW,61,513,8.41
20132014,Ryan Jones,570,EDM,LW,52,511,9.83
20132014,Luca Sbisa,571,ANH,D,30,511,17.03
20132014,Brian McGrattan,572,CGY,RW,76,510,6.71
20132014,Shane O'Brien,573,CGY,D,45,506,11.24
20132014,Ryan White,574,MON,RW,52,503,9.67
20132014,Steve Oleksy,575,WAS,D,33,503,15.24
20132014,Tom Sestito,576,VAN,LW,77,497,6.45
20132014,Lubomir Visnovsky,577,NYI,D,24,492,20.50
20132014,Chris Thorburn,578,WPG,RW,55,492,8.95
20132014,Rich Clune,579,NSH,LW,58,490,8.45
20132014,Brian Gibbons,580,PIT,C,41,489,11.93
20132014,Peter Holland,581,TOR,C,43,487,11.33
20132014,Tomas Jurco,582,DET,RW,36,484,13.44
20132014,Adam McQuaid,583,BOS,D,30,481,16.03
20132014,Eric Tangradi,584,WPG,LW,55,475,8.64
20132014,Corey Tropp,585,CLS,RW,53,473,8.92
20132014,Matt Ellis,586,BUF,LW,50,473,9.46
20132014,Erik Haula,587,MIN,LW,46,466,10.13
20132014,Zenon Konopka,588,BUF,C,59,466,7.90
20132014,Adam Larsson,589,NJ,D,26,462,17.77
20132014,Alexander Sulzer,590,BUF,D,25,453,18.12
20132014,Joe Corvo,591,OTT,D,25,438,17.52
20132014,Tim Kennedy,592,PHO,LW,37,435,11.76
20132014,Michael Kostka,593,TB,D,28,431,15.39
20132014,Jordan Leopold,594,STL,D,27,421,15.59
20132014,Ryan Wilson,595,COL,D,28,410,14.64
20132014,Troy Bodie,596,TOR,RW,47,405,8.62
20132014,Mike Brown,597,SJ,RW,56,400,7.14
20132014,John McCarthy,598,SJ,LW,36,398,11.06
20132014,Zac Dalpe,599,VAN,C,55,392,7.13
20132014,Jesse Joensuu,600,EDM,LW,42,391,9.31
20132014,Pierre-Marc Bouchard,601,CHI,RW,28,390,13.93
20132014,Luke Gazdic,602,EDM,LW,67,388,5.79
20132014,Rostislav Klesla,603,BUF,D,25,387,15.48
20132014,Colton Sceviour,604,DAL,C,26,386,14.85
20132014,Cody McCormick,605,MIN,C,43,383,8.91
20132014,Stephen Weiss,606,DET,C,26,383,14.73
20132014,Jordan Caron,607,BOS,RW,35,382,10.91
20132014,John Scott,608,BUF,LW,56,378,6.75
20132014,Carlo Colaiacovo,609,STL,D,25,378,15.12
20132014,Jayson Megna,610,PIT,RW,36,377,10.47
20132014,Vincent Trocheck,611,FLA,C,20,377,18.85
20132014,Johan Larsson,612,BUF,LW,28,376,13.43
20132014,Chad Ruhwedel,613,BUF,D,21,375,17.86
20132014,Mike Komisarek,614,CAR,D,32,374,11.69
20132014,Emerson Etem,615,ANH,RW,29,370,12.76
20132014,Chuck Kobasew,616,PIT,RW,33,369,11.18
20132014,Anton Lander,617,EDM,C,27,368,13.63
20132014,Sven Baertschi,618,CGY,LW,26,366,14.08
20132014,Anders Lee,619,NYI,C,22,345,15.68
20132014,J.T. Miller,620,NYR,C,30,343,11.43
20132014,Patrick Eaves,621,NSH,RW,30,337,11.23
20132014,Dave Bolland,622,TOR,C,23,332,14.43
20132014,Bracken Kearns,623,SJ,C,25,329,13.16
20132014,Mike Hoffman,624,OTT,C,25,329,13.16
20132014,Krys Barch,625,FLA,RW,55,328,5.96
20132014,Aaron Rome,626,DAL,D,25,327,13.08
20132014,Dustin Jeffrey,627,DAL,C,34,325,9.56
20132014,Paul Postma,628,WPG,D,20,322,16.10
20132014,Jarred Tinordi,629,MON,D,22,319,14.50
20132014,Kevin Westgarth,630,CGY,RW,48,311,6.48
20132014,Tyson Strachan,631,WAS,D,18,311,17.28
20132014,Tom Pyatt,632,TB,C,27,309,11.44
20132014,Anthony Peluso,633,WPG,RW,53,306,5.77
20132014,Aaron Volpatti,634,WAS,LW,41,301,7.34
20132014,Jordan Schroeder,635,VAN,C,25,300,12.00
20132014,Colby Robak,636,FLA,D,16,297,18.56
20132014,Colin Fraser,637,LA,C,33,296,8.97
20132014,Aaron Ness,638,NYI,D,20,295,14.75
20132014,Ryan Spooner,639,BOS,C,23,294,12.78
20132014,Alexander Urbom,640,NJ,D,20,292,14.60
20132014,Trevor Smith,641,TOR,C,28,290,10.36
20132014,Eric O'Dell,642,WPG,C,30,290,9.67
20132014,Colton Orr,643,TOR,RW,54,290,5.37
20132014,Beau Bennett,644,PIT,RW,21,290,13.81
20132014,Drew Shore,645,FLA,C,24,287,11.96
20132014,Jim Slater,646,WPG,C,27,287,10.63
20132014,Jean-Gabriel Pageau,647,OTT,C,28,286,10.21
20132014,Stephane Veilleux,648,MIN,LW,34,286,8.41
20132014,Alex Tanguay,649,COL,LW,16,276,17.25
20132014,Brandon McMillan,650,PHO,C,22,276,12.55
20132014,Mark Stone,651,OTT,RW,19,275,14.47
20132014,Jacob Josefson,652,NJ,C,27,273,10.11
20132014,Jason Zucker,653,MIN,LW,21,272,12.95
20132014,Tanner Pearson,654,LA,LW,25,270,10.80
20132014,Mikael Samuelsson,655,DET,RW,26,269,10.35
20132014,Oscar Klefbom,656,EDM,D,17,268,15.76
20132014,Chris Summers,657,PHO,D,18,268,14.89
20132014,Nicklas Jensen,658,VAN,LW,17,265,15.59
20132014,Reid Boucher,659,NJ,C,23,261,11.35
20132014,Corey Potter,660,BOS,D,19,261,13.74
20132014,Matt Gilroy,661,FLA,D,16,260,16.25
20132014,Tim Jackman,662,ANH,RW,36,255,7.08
20132014,Kevin Czuczman,663,NYI,D,13,254,19.54
20132014,Justin Falk,664,NYR,D,21,250,11.90
20132014,Will Acton,665,EDM,C,30,244,8.13
20132014,Devante Smith-Pelly,666,ANH,RW,19,240,12.63
20132014,Jack Hillen,667,WAS,D,13,237,18.23
20132014,David Rundblad,668,CHI,D,17,233,13.71
20132014,Evgeny Kuznetsov,669,WAS,C,17,229,13.47
20132014,Chris Porter,670,STL,LW,22,228,10.36
20132014,Nathan Beaulieu,671,MON,D,17,224,13.18
20132014,Jordan Szwarz,672,PHO,RW,26,224,8.62
20132014,Nicolas Deslauriers,673,BUF,D,17,223,13.12
20132014,Chris Conner,674,PIT,RW,19,223,11.74
20132014,Jeremy Morin,675,CHI,LW,24,219,9.13
20132014,Quinton Howden,676,FLA,C,16,219,13.69
20132014,Linden Vey,677,LA,RW,18,218,12.11
20132014,Brad Malone,678,COL,C,32,216,6.75
20132014,Zach Sill,679,PIT,C,20,215,10.75
20132014,Jared Boll,680,CLS,RW,28,213,7.61
20132014,Rickard Rakell,681,ANH,RW,18,210,11.67
20132014,Brayden McNabb,682,LA,D,12,206,17.17
20132014,Mikhail Grigorenko,683,BUF,C,18,205,11.39
20132014,Tye McGinn,684,PHI,LW,18,201,11.17
20132014,Radek Martinek,685,NYI,D,13,201,15.46
20132014,Carter Ashton,686,TOR,RW,32,200,6.25
20132014,Derek Grant,687,OTT,C,20,191,9.55
20132014,Dmitrij Jaskin,688,STL,RW,18,191,10.61
20132014,Jean-Philippe Cote,689,TB,D,19,190,10.00
20132014,Mike Halmo,690,NYI,LW,20,189,9.45
20132014,Frank Corrado,691,VAN,D,15,188,12.53
20132014,Tyler Wotherspoon,692,CGY,D,14,188,13.43
20132014,Joakim Nordstrom,693,CHI,C,16,186,11.63
20132014,Paul Bissonnette,694,PHO,LW,39,185,4.74
20132014,Colton Sissons,695,NSH,C,17,180,10.59
20132014,Jerry D'Amigo,696,TOR,RW,22,177,8.05
20132014,Linus Omark,697,BUF,LW,14,175,12.50
20132014,Jonathon Blum,698,MIN,D,15,174,11.60
20132014,Calle Jarnkrok,699,NSH,C,12,168,14.00
20132014,Jay Rosehill,700,PHI,LW,34,168,4.94
20132014,Mark Borowiecki,701,OTT,D,13,163,12.54
20132014,Cory Emmerton,702,DET,C,18,161,8.94
20132014,Matt Dumba,703,MIN,D,13,161,12.38
20132014,Blair Jones,704,CGY,C,14,159,11.36
20132014,Jerred Smithson,705,TOR,RW,18,157,8.72
20132014,Julien Brouillette,706,WAS,D,10,155,15.50
20132014,Adam Cracknell,707,STL,RW,19,155,8.16
20132014,Luke Adam,708,BUF,C,12,154,12.83
20132014,Zach Redmond,709,WPG,D,10,153,15.30
20132014,Michael Chaput,710,CLS,C,17,151,8.88
20132014,Mattias Tedenby,711,NJ,LW,15,150,10.00
20132014,Filip Forsberg,712,NSH,RW,13,148,11.38
20132014,Eric Boulton,713,NYI,LW,23,147,6.39
20132014,Keith Aulie,714,TB,D,15,147,9.80
20132014,Matt Kassian,715,OTT,LW,33,146,4.42
20132014,Tim Sestito,716,NJ,C,16,145,9.06
20132014,Adam Burish,717,SJ,RW,15,144,9.60
20132014,Kevin Porter,718,BUF,C,12,139,11.58
20132014,Chris VandeVelde,719,PHI,C,18,139,7.72
20132014,Jack Skille,720,CLS,RW,16,138,8.63
20132014,Ben Street,721,CGY,C,13,137,10.54
20132014,Matt Fraser,722,BOS,RW,14,135,9.64
20132014,Derek Smith,723,CGY,D,14,133,9.50
20132014,Brett Connolly,724,TB,RW,11,132,12.00
20132014,Patrick Wey,725,WAS,D,9,131,14.56
20132014,Michael Latta,726,WAS,C,17,131,7.71
20132014,Harry Zolnierczyk,727,PIT,LW,13,131,10.08
20132014,Jeremy Welsh,728,VAN,C,19,130,6.84
20132014,Joey Crabb,729,FLA,RW,9,129,14.33
20132014,Brett Sutter,730,CAR,LW,17,128,7.53
20132014,Jesper Fast,731,NYR,RW,11,124,11.27
20132014,Cameron Gaunce,732,DAL,D,9,124,13.78
20132014,Stephane Da Costa,733,OTT,C,12,124,10.33
20132014,Darren Archibald,734,VAN,RW,16,124,7.75
20132014,Jamie Oleksiak,735,DAL,D,7,124,17.71
20132014,Mike Sislo,736,NJ,RW,14,123,8.79
20132014,Chad Billins,737,CGY,D,10,122,12.20
20132014,Casey Wellman,738,WAS,RW,13,121,9.31
20132014,Chris Terry,739,CAR,LW,10,120,12.00
20132014,John Persson,740,NYI,LW,10,120,12.00
20132014,Nikita Zadorov,741,BUF,D,7,120,17.14
20132014,Eriah Hayes,742,SJ,RW,15,117,7.80
20132014,Ryan Whitney,743,FLA,D,7,117,16.71
20132014,Cam Janssen,744,NJ,RW,24,117,4.88
20132014,Brian Dumoulin,745,PIT,D,6,115,19.17
20132014,Rostislav Olesz,746,NJ,LW,10,114,11.40
20132014,Freddie Hamilton,747,SJ,C,11,113,10.27
20132014,Zach Boychuk,748,CAR,LW,11,112,10.18
20132014,Patrik Nemeth,749,DAL,D,8,110,13.75
20132014,Frazer McLaren,750,TOR,LW,27,108,4.00
20132014,Jake McCabe,751,BUF,D,7,106,15.14
20132014,Chris Brown,752,WAS,C,12,104,8.67
20132014,Philip Varone,753,BUF,C,9,102,11.33
20132014,Mike Mottau,754,FLA,D,8,101,12.63
20132014,George Parros,755,MON,RW,22,100,4.55
20132014,Andrew Ebbett,756,PIT,C,9,99,11.00
20132014,David Warsofsky,757,BOS,D,6,97,16.17
20132014,Johan Sundstrom,758,NYI,C,11,95,8.64
20132014,Denis Grebeshkov,759,EDM,D,7,95,13.57
20132014,Matt Taormina,760,CLS,D,7,93,13.29
20132014,Hal Gill,761,PHI,D,6,89,14.83
20132014,Tyler Pitlick,762,EDM,C,10,89,8.90
20132014,Pierre-Cedric Labrie,763,TB,LW,13,89,6.85
20132014,Taylor Beck,764,NSH,LW,7,89,12.71
20132014,Kenny Agostino,765,CGY,LW,8,88,11.00
20132014,Nick Johnson,766,BOS,RW,9,87,9.67
20132014,Scott Mayfield,767,NYI,D,5,86,17.20
20132014,Max Reinhart,768,CGY,C,8,85,10.63
20132014,Alex Petrovic,769,FLA,D,7,85,12.14
20132014,Markus Granlund,770,CGY,C,7,84,12.00
20132014,Christopher Breen,771,CGY,D,9,84,9.33
20132014,Chris Mueller,772,DAL,C,9,83,9.22
20132014,Mike Rupp,773,MIN,C,13,80,6.15
20132014,Ben Hanowski,774,CGY,LW,11,79,7.18
20132014,Louis Leblanc,775,ANH,C,8,78,9.75
20132014,Paul Carey,776,COL,C,12,77,6.42
20132014,Philip Samuelsson,777,PIT,D,5,77,15.40
20132014,Jordin Tootoo,778,DET,RW,11,76,6.91
20132014,Andrew Alberts,779,VAN,D,10,73,7.30
20132014,Brandon Gormley,780,PHO,D,5,72,14.40
20132014,Josh Leivo,781,TOR,LW,7,69,9.86
20132014,Dave Steckel,782,ANH,C,6,65,10.83
20132014,Andy Miele,783,PHO,C,7,65,9.29
20132014,Dana Tyrell,784,CLS,C,7,64,9.14
20132014,Patrice Cormier,785,WPG,C,9,62,6.89
20132014,Simon Moser,786,NSH,C,6,60,10.00
20132014,Xavier Ouellet,787,DET,D,4,58,14.50
20132014,Steven Pinizzotto,788,EDM,RW,6,57,9.50
20132014,Corban Knight,789,CGY,C,7,55,7.86
20132014,Bryce Van Brabant,790,CGY,LW,6,54,9.00
20132014,Brett Bulmer,791,MIN,RW,5,53,10.60
20132014,Raffi Torres,792,SJ,LW,5,51,10.20
20132014,Ben Eager,793,EDM,LW,7,50,7.14
20132014,Sean Collins,794,CLS,C,6,49,8.17
20132014,Cody Goloubef,795,CLS,D,5,49,9.80
20132014,Taylor Fedun,796,EDM,D,4,48,12.00
20132014,Justin Florek,797,BOS,LW,4,47,11.75
20132014,John Albert,798,WPG,C,9,46,5.11
20132014,Kellan Lain,799,VAN,LW,9,46,5.11
20132014,Arron Asham,800,NYR,RW,6,44,7.33
20132014,Mark Cundari,801,CGY,D,4,43,10.75
20132014,Conor Allen,802,NYR,D,3,43,14.33
20132014,Ryan Craig,803,CLS,C,6,42,7.00
20132014,Teuvo Teravainen,804,CHI,LW,3,42,14.00
20132014,Mike Blunden,805,MON,RW,7,42,6.00
20132014,Patrick Kaleta,806,BUF,RW,5,41,8.20
20132014,Travis Morin,807,DAL,C,4,41,10.25
20132014,David Broll,808,TOR,LW,5,40,8.00
20132014,Lane MacDermid,809,CGY,LW,7,39,5.57
20132014,Andrew Campbell,810,LA,D,3,38,12.67
20132014,Patrick Holland,811,MON,RW,5,38,7.60
20132014,Vladislav Namestnikov,812,TB,C,4,37,9.25
20132014,Brad Hunt,813,EDM,D,3,37,12.33
20132014,Yann Sauve,814,VAN,D,3,36,12.00
20132014,Landon Ferraro,815,DET,C,4,35,8.75
20132014,Gilbert Brule,816,PHO,C,3,34,11.33
20132014,Adam Almquist,817,DET,D,2,34,17.00
20132014,Lucas Lessio,818,PHO,LW,3,34,11.33
20132014,Dmitry Korobov,819,TB,D,3,32,10.67
20132014,Garrett Wilson,820,FLA,LW,3,31,10.33
20132014,Brad Mills,821,CHI,C,3,30,10.00
20132014,Zach Trotman,822,BOS,D,2,30,15.00
20132014,Nolan Yonkman,823,ANH,D,2,29,14.50
20132014,Cedric Paquette,824,TB,C,2,29,14.50
20132014,Tim Erixon,825,CLS,D,2,28,14.00
20132014,Roman Horak,826,EDM,LW,3,28,9.33
20132014,Brett Gallant,827,NYI,LW,4,27,6.75
20132014,Brandon Mashinter,828,CHI,LW,6,27,4.50
20132014,Ryan Stoa,829,WAS,C,3,27,9.00
20132014,Bobby Butler,830,FLA,RW,2,27,13.50
20132014,Carl Klingberg,831,WPG,LW,3,26,8.67
20132014,Pascal Pelletier,832,VAN,LW,3,26,8.67
20132014,Keith Aucoin,833,STL,C,2,26,13.00
20132014,Michael Zalewski,834,VAN,LW,2,24,12.00
20132014,Alex Grant,835,OTT,D,2,24,12.00
20132014,Joe Piskula,836,NSH,D,2,24,12.00
20132014,Matt Lindblad,837,BOS,LW,2,23,11.50
20132014,Matt Pelech,838,SJ,RW,6,23,3.83
20132014,Teemu Pulkkinen,839,DET,LW,3,22,7.33
20132014,Ty Rattie,840,STL,RW,2,22,11.00
20132014,Ryan Hamilton,841,EDM,LW,2,20,10.00
20132014,Nicolas Deschamps,842,WAS,LW,3,20,6.67
20132014,Kris Newbury,843,PHI,C,4,20,5.00
20132014,Matt Carey,844,CHI,C,2,19,9.50
20132014,Christian Folin,845,MIN,D,1,19,19.00
20132014,Ryan Sproul,846,DET,D,1,18,18.00
20132014,Adam Payerl,847,PIT,C,2,18,9.00
20132014,Aaron Palushaj,848,CAR,RW,2,18,9.00
20132014,Craig Cunningham,849,BOS,LW,2,18,9.00
20132014,Cameron Schilling,850,WAS,D,1,17,17.00
20132014,Matt Hunwick,851,COL,D,1,17,17.00
20132014,Stefan Elliott,852,COL,D,1,16,16.00
20132014,Maxime Fortunus,853,DAL,D,1,16,16.00
20132014,Jonathan Racine,854,FLA,D,1,15,15.00
20132014,Johnny Gaudreau,855,CGY,LW,1,15,15.00
20132014,Alexander Khokhlachev,856,BOS,LW,1,15,15.00
20132014,Christian Thomas,857,MON,LW,2,14,7.00
20132014,Dylan McIlrath,858,NYR,D,2,14,7.00
20132014,Alexey Marchenko,859,DET,D,1,13,13.00
20132014,Bill Arnold,860,CGY,C,1,13,13.00
20132014,Brandon Yip,861,PHO,RW,2,13,6.50
20132014,Jason Akeson,862,PHI,RW,1,13,13.00
20132014,Karl Stollery,863,COL,D,2,13,6.50
20132014,Gabriel Dumont,864,MON,C,2,13,6.50
20132014,Justin Johnson,865,NYI,RW,2,12,6.00
20132014,Petter Granberg,866,TOR,D,1,11,11.00
20132014,David van der Gulik,867,COL,LW,2,11,5.50
20132014,Jamie Devane,868,TOR,LW,2,11,5.50
20132014,Cody Kunyk,869,TB,RW,1,10,10.00
20132014,Ben Chiarot,870,WPG,D,1,10,10.00
20132014,Nick Drazenovic,871,PIT,C,1,10,10.00
20132014,Peter LeBlanc,872,WAS,C,1,9,9.00
20132014,Martin St. Pierre,873,MON,C,1,9,9.00
20132014,Mitch Callahan,874,DET,RW,1,9,9.00
20132014,Darroll Powe,875,NYR,C,1,8,8.00
20132014,Carson McMillan,876,MIN,C,1,8,8.00
20132014,Benn Ferriero,877,VAN,RW,2,8,4.00
20132014,Mark Van Guilder,878,NSH,C,1,8,8.00
20132014,Joe Whitney,879,NJ,RW,1,8,8.00
20132014,Julian Melchiori,880,WPG,D,1,8,8.00
20132014,Jake Dowell,881,MIN,C,1,7,7.00
20132014,Spencer Abbott,882,TOR,LW,1,5,5.00
20132014,Pierre-Luc Letourneau-Leblond,883,PIT,LW,1,4,4.00
20132014,Greg McKegg,884,TOR,C,1,3,3.00
20132014,Cody Bass,885,CLS,C,1,2,2.00
20132014,Joonas Nattinen,886,MON,C,1,1,1.00
20132014,James Livingston,887,LA,RW,-,-,-
20132014,Kael Mouillierat,888,WPG,LW,-,-,-
20132014,Zack Stortini,889,ANH,RW,-,-,-
20132014,Drew Bagnall,890,BUF,D,-,-,-
20132014,Jeff Costello,891,VAN,LW,-,-,-
20132014,Michael Keranen,892,MIN,LW,-,-,-
20132014,Sergey Tolchinsky,893,CAR,LW,-,-,-
20132014,Tony Turgeon,894,FLA,D,-,-,-
20132014,William Carrier,895,BUF,LW,-,-,-
20132014,Martin Reway,896,MON,LW,-,-,-
20132014,Kerby Rychel,897,CLS,LW,-,-,-
20132014,Bryan Lerg,898,COL,LW,-,-,-
20132014,Daniel Maggio,899,COL,D,-,-,-
20132014,Brendon Nash,900,NYR,D,-,-,-
20132014,Calle Andersson,901,NYR,D,-,-,-
20132014,Tanner Richard,902,TB,C,-,-,-
20132014,Chris Bruton,903,NYI,RW,-,-,-
20132014,Alex Broadhurst,904,CHI,C,-,-,-
20132014,Alan Quine,905,NYI,C,-,-,-
20132014,Darren Dietz,906,MON,D,-,-,-
20132014,Victor Rask,907,CAR,C,-,-,-
20132014,Chay Genoway,908,WAS,D,-,-,-
20132014,Steve Begin,909,CGY,C,-,-,-
20132014,Brett Clark,910,FLA,D,-,-,-
20132014,Curt Gogol,911,MIN,LW,-,-,-
20132014,Oliver Lauridsen,912,PHI,D,-,-,-
20132014,Guillaume Latendresse,913,PHO,LW,-,-,-
20132014,John Ramage,914,CGY,D,-,-,-
20132014,Maxim Kitsyn,915,LA,LW,-,-,-
20132014,Stephen Johns,916,CHI,D,-,-,-
20132014,Evan Rankin,917,TB,C,-,-,-
20132014,Corey Locke,918,STL,C,-,-,-
20132014,Dennis Rasmussen,919,CHI,C,-,-,-
20132014,Trevor Cheek,920,COL,LW,-,-,-
20132014,Austin Carroll,921,ANH,RW,-,-,-
20132014,Tyler Bertuzzi,922,DET,LW,-,-,-
20132014,Hudson Fasching,923,BUF,RW,-,-,-
20132014,Maxim Lamarche,924,PHI,D,-,-,-
20132014,Anthony Mantha,925,DET,RW,-,-,-
20132014,Davis Drewiske,926,MON,D,-,-,-
20132014,Danny Hobbs,927,OTT,C,-,-,-
20132014,Andrew Gordon,928,WPG,RW,-,-,-
20132014,Charles Hudon,929,MON,LW,-,-,-
20132014,Kenton Helgesen,930,ANH,D,-,-,-
20132014,Brent Regner,931,STL,D,-,-,-
20132014,Mitchell Moroz,932,EDM,LW,-,-,-
20132014,Troy Bourke,933,COL,LW,-,-,-
20132014,Michael Schumacher,934,COL,LW,-,-,-
20132014,Will O'Neill,935,WPG,D,-,-,-
20132014,Joel Armia,936,BUF,RW,-,-,-
20132014,Justin Dowling,937,DAL,C,-,-,-
20132014,Michael Sgarbossa,938,COL,C,-,-,-
20132014,Jani Hakanpaa,939,STL,D,-,-,-
20132014,Ryan Martindale,940,FLA,C,-,-,-
20132014,Alex Biega,941,VAN,D,-,-,-
20132014,Guillaume Desbiens,942,COL,RW,-,-,-
20132014,Aaron Johnson,943,NYR,D,-,-,-
20132014,Ryan Haggerty,944,NYR,RW,-,-,-
20132014,Petr Zamorsky,945,NYR,D,-,-,-
20132014,Gabriel Desjardsins,946,COL,LW,-,-,-
20132014,Ryan Horvat,947,ANH,LW,-,-,-
20132014,Ludwig Karlsson,948,OTT,RW,-,-,-
20132014,Frederik Gauthier,949,TOR,C,-,-,-
20132014,Luke Witkowski,950,TB,D,-,-,-
20132014,Sacha Guimond,951,VAN,D,-,-,-
20132014,Stefan Warg,952,ANH,D,-,-,-
20132014,Steven Kampfer,953,MIN,D,-,-,-
20132014,Zach Hamill,954,VAN,C,-,-,-
20132014,Ryan Culkin,955,CGY,D,-,-,-
20132014,Sebastian Collberg,956,NYI,RW,-,-,-
20132014,Justin Kea,957,BUF,C,-,-,-
20132014,Griffin Reinhart,958,NYI,D,-,-,-
20132014,Brent Andrews,959,ANH,LW,-,-,-
20132014,Darian Dziurzynski,960,PHO,LW,-,-,-
20132014,Brett Ritchie,961,DAL,RW,-,-,-
20132014,Kyle Beach,962,NYR,LW,-,-,-
20132014,Marek Malik,963,TB,D,-,-,-
20132014,Ryan Bourque,964,NYR,C,-,-,-
20132014,Brad Staubitz,965,TOR,RW,-,-,-
20132014,Justin Shugg,966,CAR,LW,-,-,-
20132014,Brandon Davidson,967,EDM,D,-,-,-
20132014,Francis Wathier,968,DAL,LW,-,-,-
20132014,Pierre-Edouard Bellemare,969,PHI,LW,-,-,-
20132014,Sebastian Geoffrion,970,NSH,LW,-,-,-
20132014,Ross Johnston,971,ANH,LW,-,-,-
20132014,Linus Arnesson,972,BOS,D,-,-,-
20132014,Emile Poirier,973,CGY,LW,-,-,-
20132014,Tommy Hughes,974,NYR,D,-,-,-
20132014,Nick Jensen,975,DET,D,-,-,-
20132014,Nicolas Blanchard,976,CAR,LW,-,-,-
20132014,Brendan Woods,977,CAR,LW,-,-,-
20132014,Colin Smith,978,COL,C,-,-,-
20132014,Ville Pokka,979,NYI,D,-,-,-
20132014,Esa Lindell,980,DAL,D,-,-,-
20132014,Mark Louis,981,PHO,D,-,-,-
20132014,Ryan Dzingel,982,OTT,C,-,-,-
20132014,Max Friberg,983,ANH,LW,-,-,-
20132014,Mark McNeill,984,CHI,C,-,-,-
20132014,Brandon DeFazio,985,VAN,LW,-,-,-
20132014,Sheldon Souray,986,ANH,D,-,-,-
20132014,Oliver Gabriel,987,CLS,LW,-,-,-
20132014,Cade Fairchild,988,PHO,D,-,-,-
20132014,Konrad Abeltshauser,989,SJ,D,-,-,-
20132014,Colin Campbell,990,DET,LW,-,-,-
20132014,Kyle Becker,991,ANH,D,-,-,-
20132014,Yan Pavel Laplante,992,PHO,C,-,-,-
20132014,Eric Roy,993,CGY,D,-,-,-
20132014,Markus Lauridsen,994,COL,D,-,-,-
20132014,Andre Burakovsky,995,WAS,LW,-,-,-
20132014,Tim Schaller,996,BUF,C,-,-,-
20132014,Domenic Monardo,997,WAS,RW,-,-,-
20132014,Seth Griffith,998,BOS,C,-,-,-
20132014,Brady Austin,999,BUF,D,-,-,-
20132014,Matthew Finn,1000,TOR,D,-,-,-
